Workbook

Sheet Rechnung
A1: Stromkosten - Mai 2026
A2: Rechnungsansicht / Offline-Nachrechnung, keine offizielle Rechnung. Blau markierte Eingaben sind im Blatt Eingaben aenderbar. Die gelieferte CSV wird ohne Kontonummer weiterverarbeitet.
A5: Datenbasis | B5: =Eingaben!B5 -> Report
A6: Vollstaendigkeit | B6: =Tageswerte!B39 -> OK
A7: Position | B7: Menge | C7: Preis / Basis | D7: Betrag brutto
A8: Stromverbrauch GO | B8: =Tageswerte!M39 -> 3.199 | C8: =IF(ISNUMBER(Eingaben!B11),Eingaben!B11,"nicht belegt") -> 15.0654 | D8: =IF(Tageswerte!$B$39<>"OK","",Tageswerte!S39) -> 0.48194215
A9: Stromverbrauch STANDARD | B9: =Tageswerte!N39 -> 9.197 | C9: =IF(ISNUMBER(Eingaben!B12),Eingaben!B12,"nicht belegt") -> 28.2744 | D9: =IF(Tageswerte!$B$39<>"OK","",Tageswerte!T39) -> 2.6003966
A10: Stromverbrauch HEAT (optional) | B10: =Tageswerte!O39 -> 0 | C10: =IF(ISNUMBER(Eingaben!B13),Eingaben!B13,"nicht belegt") -> nicht belegt | D10: =IF(Tageswerte!$B$39<>"OK","",Tageswerte!U39) -> 0
A11: Gesamtverbrauch | B11: =Tageswerte!L39 -> 12.396
A13: Grundgebuehr fuer den Monat | C13: =Eingaben!B15 -> Zeitanteilig | D13: =IF(Tageswerte!$B$39<>"OK","",Tageswerte!V39) -> 18.089239
A14: Anpassung Vertragsnetz an Vergleichsnetz | C14: =Eingaben!B6 -> Vertragsstart | D14: =IF(Tageswerte!$B$39<>"OK","",Tageswerte!W39) -> 0
A15: Zwischensumme vor Modulen | D15: =IF(Tageswerte!$B$39<>"OK","",SUM(D8:D10,D13:D14)) -> 21.171578
A17: Abzueglich Modul 1 - pauschale Gutschrift | D17: =IF(Tageswerte!$B$39<>"OK","",Tageswerte!X39) -> -10.94875
A18: Abzueglich Modul 3 - Nettoeffekt NT/ST/HT | D18: =IF(Tageswerte!$B$39<>"OK","",-Tageswerte!AC39) -> -0.35122374
A20: GESAMTKOSTEN DES MONATS | D20: =IF(Tageswerte!$B$39<>"OK","",D15+D17+D18) -> 9.871604
A22: Monatssumme im gelieferten CSV | D22: 9.87
A23: Differenz Nachrechnung minus CSV | D23: =IF(Tageswerte!$B$39<>"OK","",D20-D22) -> 0.0016040151
A24: Rundung: die CSV enthaelt bereits gerundete Mengen und Centbetraege. Excel rechnet ungerundet bis zur Anzeige. Im Ausgangsbeispiel stimmt die Monatssumme auf Cent. Tagescentwerte muessen nicht auf die Monatssumme addieren.
A27: Modul 3 ausgeschrieben - so wird das Netzentgelt ausgetauscht
A28: Rechenschritt | B28: Menge | C28: Brutto ct/kWh | D28: Betrag
A29: Vergleichs-Netzentgelt abziehen | B29: =Tageswerte!L39 -> 12.396 | C29: =IF(ISNUMBER(Eingaben!B10),Eingaben!B10*(1+Eingaben!B7),"") -> 9.1035 | D29: =IF(Tageswerte!$B$39<>"OK","",Tageswerte!Y39) -> -1.1284699
A30: Netzentgelt NT hinzufuegen | B30: =Tageswerte!P39 -> 4.78 | C30: =IF(OR(B30="",B30=0),"",D30/B30*100) -> 1.9516 | D30: =IF(Tageswerte!$B$39<>"OK","",Tageswerte!Z39) -> 0.09328648
A31: Netzentgelt ST hinzufuegen | B31: =Tageswerte!Q39 -> 4.493 | C31: =IF(OR(B31="",B31=0),"",D31/B31*100) -> 6.5212 | D31: =IF(Tageswerte!$B$39<>"OK","",Tageswerte!AA39) -> 0.29299752
A32: Netzentgelt HT hinzufuegen | B32: =Tageswerte!R39 -> 3.123 | C32: =IF(OR(B32="",B32=0),"",D32/B32*100) -> 12.5188 | D32: =IF(Tageswerte!$B$39<>"OK","",Tageswerte!AB39) -> 0.39096212
A34: Nettoeffekt des Austauschs (bereits oben) | D34: =IF(Tageswerte!$B$39<>"OK","",SUM(D29:D32)) -> -0.35122374
A35: Negative Differenz = Einsparung, positive Differenz = Mehrkosten. Die Detailpositionen 29-32 werden NICHT noch einmal auf die Rechnung addiert. Bei Vergleich aktuelles Jahr gleicht Position 14 zuerst das im Vertrags-AP enthaltene Netzentgelt an. So bleibt der Endbetrag bei gleicher NT/ST/HT-Bepreisung unabhaengig von der gewaehlten Vergleichsbasis.
A39: Modul 1 - Jahresgutschrift netto | D39: =Eingaben!B16 -> 108.33
A40: Modul 1 - Jahresgutschrift brutto | D40: =Eingaben!B16*(1+Eingaben!B7) -> 128.9127
A41: Modul 1 - Monatsanteil brutto | D41: =IF(Tageswerte!$B$39<>"OK","",-Tageswerte!X39) -> 10.94875
A43: Viertelstundenmodus: Erst 96 Werte pro Tag eintragen, individuelle Tarif-Slots bei Bedarf im Blatt Intervalle setzen, danach den Datenmodus umstellen. Fehlende Werte sperren die Monatsrechnung. Tarifpreise und Modul-1-/Modul-3-Eingaben werden ohne Home Assistant, API, Makros oder Python in Excel neu berechnet.

Sheet Eingaben
A1: Eingaben und Rechenbasis
A2: Blau = editierbar. Alle Endbetraege brutto. Netzentgelte und Modul-1-Jahresbetrag werden netto eingegeben. Das Beispiel ist eine Kostensimulation, keine Lieferantenrechnung.
A5: Datenmodus | B5: Report | C5: Report = echte Tagesaggregate der CSV; Viertelstunden = ausschliesslich eigene 96-Werte-Eingaben.
A6: Vergleich Modul 3 | B6: Vertragsstart | C6: Aktuelles Jahr erfordert B9. Das ST-Band ist NICHT automatisch das normale Standard-Netzentgelt.
A7: Umsatzsteuer | B7: 0.19 | C7: Aus BASIS: 19 %.
A8: Netzentgelt im Vertrags-AP (netto ct/kWh) | B8: 7.65 | C8: Vertragsstart: 7,65 ct/kWh. Wird nicht erneut auf den Vertrags-AP addiert.
A9: Normales Netzentgelt aktuelles Jahr (netto ct/kWh) | C9: NICHT im Report separat belegt. Vor Vergleich 'Aktuelles Jahr' hier eintragen.
A10: Gewaehlte Vergleichsrate netto ct/kWh | B10: =IF(B6="Vertragsstart",B8,IF(ISNUMBER(B9),B9,"")) -> 7.65
A11: GO Arbeitspreis (brutto ct/kWh) | B11: 15.0654 | C11: Mai-Vertrag aus BASIS, nicht der erst ab September gueltige Vertrag.
A12: STANDARD Arbeitspreis (brutto ct/kWh) | B12: 28.2744 | C12: STANDARD bezeichnet den Stromtarif, ST bezeichnet das Netzzeitband.
A13: HEAT Arbeitspreis (brutto ct/kWh) | C13: Optional. Im gelieferten Report kein HEAT-Verbrauch. Bei HEAT-Menge ist der Preis Pflicht.
A14: Vertragliche Grundgebuehr (brutto EUR/Monat) | B14: 17.74885 | C14: 17,74885 EUR; im vorhandenen Report auf Jahresbasis zeitanteilig verrechnet.
A15: Grundgebuehr-Verrechnung | B15: Zeitanteilig | C15: Zeitanteilig: Monatsbetrag x 12 / 365 je Tag; Pauschal: Monatsbetrag / Monatstage. Bewusste Szenarioaenderung.
A16: Modul 1 Gutschrift (netto EUR/Jahr) | B16: 108.33 | C16: Aus BASIS: 108,33 EUR. Anteil ab Wirksamkeitsdatum / Kalendertage des Jahres, danach USt.
A17: Modul 1 wirksam ab | B17: 45352 | C17: Kein Bezug zu NT/ST/HT: Modul 1 ist eine zeitanteilige pauschale Gutschrift.
A18: Modul 3 wirksam ab | B18: 45748 | C18: Vorher normales Netzentgelt verwenden; dafuer ist B9 erforderlich.
A19: Abrechnungsjahr | B19: 2026 | C19: Prototyp fest Mai 2026; Datumseingaben nicht auf einen anderen Monat umstellen.
A20: Abrechnungsmonat | B20: 5 | C20: Produktive Version erzeugt passende Tabellen fuer jeden Monat.
A21: GO Zeitfenster von | B21: 0 | C21: 00:00 bis 05:00 aus Mai-Vertrag. Individuelle Intelligent-GO-Slots haben im Blatt Intervalle Vorrang.
A22: GO Zeitfenster bis (exklusiv) | B22: 0.20833333 | C22: Tarif und Netzband sind unabhaengige Zuordnungen.
A23: Optionales HEAT Zeitfenster von | C23: Nur im Viertelstundenmodus. Beide Zeiten und HEAT-Preis setzen; individuelles Override hat Vorrang.
A24: Optionales HEAT Zeitfenster bis | C24: HEAT wird im Prototyp nach GO geprueft. Produktionsversion uebernimmt echte Vertragsregeln.
A25: Kalendertage des Monats | B25: =DAY(DATE(B19,B20+1,0)) -> 31
A26: Kalendertage des Jahres | B26: =DATE(B19+1,1,1)-DATE(B19,1,1) -> 365
A27: Vergleichsrate Status | B27: =IF(ISNUMBER(B10),"OK","NETZREFERENZ FEHLT") -> OK
A28: Netzbetreiber | B28: EAM Netz GmbH | C28: API bezeichnet MODULE_1, liefert aber variable NT/ST/HT-Raten. Explizites Modul-3-Datum ist gesetzt.
A30: Modul 3 NT (netto ct/kWh) | B30: 1.64 | C30: OFFPEAK aus API. Stundenweise Overrides im Blatt Netzzeiten moeglich.
A31: Modul 3 ST (netto ct/kWh) | B31: 5.48 | C31: STANDARD aus variablem Netzzeitplan, kein belegter normaler Jahrestarif.
A32: Modul 3 HT (netto ct/kWh) | B32: 10.52 | C32: PEAK aus API.

Sheet Tageswerte
A1: Tagesmengen und Tagesrechnung
A2: Tarif x Netzband: zwei unabhaengige Dimensionen. Alle Tageskosten als Excel-Formeln. Leere/ungueltige Viertelstunden sperren die Monatsrechnung. Reportmodus verwendet echte Tagesmengen; er rekonstruiert keine Zeitreihe.
A5: Datum | B5: Berechnungsstatus | C5: GO NT kWh | D5: GO ST kWh | E5: GO HT kWh | F5: STANDARD NT kWh | G5: STANDARD ST kWh | H5: STANDARD HT kWh | I5: HEAT NT kWh | J5: HEAT ST kWh | K5: HEAT HT kWh | L5: Gesamt kWh | M5: GO kWh | N5: STANDARD kWh | O5: HEAT kWh | P5: NT kWh | Q5: ST kWh | R5: HT kWh | S5: GO Kosten EUR | T5: STANDARD Kosten EUR | U5: HEAT Kosten EUR | V5: Grundgebuehr EUR | W5: Referenzanpassung EUR | X5: Modul 1 Abzug EUR | Y5: Referenznetz entfernen EUR | Z5: NT Netz EUR | AA5: ST Netz EUR | AB5: HT Netz EUR | AC5: Modul 3 Einsparung EUR | AD5: Gesamt EUR | AE5: CSV Tag EUR | AF5: Differenz EUR
A6: 46143 | B6: =IF(Eingaben!$B$27<>"OK","NETZREFERENZ FEHLT",IF(AND(A6<Eingaben!$B$18,NOT(ISNUMBER(Eingaben!$B$9))),"NORMALER NETZPREIS FEHLT",IF(Eingaben!$B$5="Report",IF(Reportdaten!Q6<>"complete","REPORT UNVOLLSTAENDIG",IF(AND(SUM(Reportdaten!I6:K6)>0,NOT(ISNUMBER(Eingaben!$B$13))),"HEAT-PREIS FEHLT","OK")),IF(COUNTIF(Intervalle!J6:J101,"OK")=96,"OK","INTERVALLE UNVOLLSTAENDIG")))) -> OK | C6: =IF($B6<>"OK","",IF(Eingaben!$B$5="Report",Reportdaten!C6,SUMIFS(Intervalle!$C$6:$C$101,Intervalle!$F$6:$F$101,"GO",Intervalle!$G$6:$G$101,"NT"))) -> 0.22 | D6: =IF($B6<>"OK","",IF(Eingaben!$B$5="Report",Reportdaten!D6,SUMIFS(Intervalle!$C$6:$C$101,Intervalle!$F$6:$F$101,"GO",Intervalle!$G$6:$G$101,"ST"))) -> 0 | E6: =IF($B6<>"OK","",IF(Eingaben!$B$5="Report",Reportdaten!E6,SUMIFS(Intervalle!$C$6:$C$101,Intervalle!$F$6:$F$101,"GO",Intervalle!$G$6:$G$101,"HT"))) -> 0 | F6: =IF($B6<>"OK","",IF(Eingaben!$B$5="Report",Reportdaten!F6,SUMIFS(Intervalle!$C$6:$C$101,Intervalle!$F$6:$F$101,"STANDARD",Intervalle!$G$6:$G$101,"NT"))) -> 0.02 | G6: =IF($B6<>"OK","",IF(Eingaben!$B$5="Report",Reportdaten!G6,SUMIFS(Intervalle!$C$6:$C$101,Intervalle!$F$6:$F$101,"STANDARD",Intervalle!$G$6:$G$101,"ST"))) -> 0.086 | H6: =IF($B6<>"OK","",IF(Eingaben!$B$5="Report",Reportdaten!H6,SUMIFS(Intervalle!$C$6:$C$101,Intervalle!$F$6:$F$101,"STANDARD",Intervalle!$G$6:$G$101,"HT"))) -> 0.068 | I6: =IF($B6<>"OK","",IF(Eingaben!$B$5="Report",Reportdaten!I6,SUMIFS(Intervalle!$C$6:$C$101,Intervalle!$F$6:$F$101,"HEAT",Intervalle!$G$6:$G$101,"NT"))) -> 0 | J6: =IF($B6<>"OK","",IF(Eingaben!$B$5="Report",Reportdaten!J6,SUMIFS(Intervalle!$C$6:$C$101,Intervalle!$F$6:$F$101,"HEAT",Intervalle!$G$6:$G$101,"ST"))) -> 0 | K6: =IF($B6<>"OK","",IF(Eingaben!$B$5="Report",Reportdaten!K6,SUMIFS(Intervalle!$C$6:$C$101,Intervalle!$F$6:$F$101,"HEAT",Intervalle!$G$6:$G$101,"HT"))) -> 0 | L6: =IF($B6<>"OK","",SUM(C6:K6)) -> 0.394 | M6: =IF($B6<>"OK","",SUM(C6:E6)) -> 0.22 | N6: =IF($B6<>"OK","",SUM(F6:H6)) -> 0.174 | O6: =IF($B6<>"OK","",SUM(I6:K6)) -> 0 | P6: =IF($B6<>"OK","",C6+F6+I6) -> 0.24 | Q6: =IF($B6<>"OK","",D6+G6+J6) -> 0.086 | R6: =IF($B6<>"OK","",E6+H6+K6) -> 0.068 | S6: =IF($B6<>"OK","",M6*Eingaben!$B$11/100) -> 0.03314388 | T6: =IF($B6<>"OK","",N6*Eingaben!$B$12/100) -> 0.049197456 | U6: =IF($B6<>"OK","",IF(O6=0,0,O6*Eingaben!$B$13/100)) -> 0 | V6: =IF($B6<>"OK","",IF(Eingaben!$B$15="Zeitanteilig",Eingaben!$B$14*12/365,Eingaben!$B$14/Eingaben!$B$25)) -> 0.58352384 | W6: =IF($B6<>"OK","",L6*(IF(A6<Eingaben!$B$18,Eingaben!$B$9,Eingaben!$B$10)-Eingaben!$B$8)*(1+Eingaben!$B$7)/100) -> 0 | X6: =IF($B6<>"OK","",IF(A6>=Eingaben!$B$17,-Eingaben!$B$16*(1+Eingaben!$B$7)/Eingaben!$B$26,0)) -> -0.35318548 | Y6: =IF($B6<>"OK","",-L6*IF(A6<Eingaben!$B$18,Eingaben!$B$9,Eingaben!$B$10)*(1+Eingaben!$B$7)/100) -> -0.03586779 | Z6: =IF($B6<>"OK","",IF(A6<Eingaben!$B$18,P6*Eingaben!$B$9/100,IF(Eingaben!$B$5="Report",P6*Eingaben!$B$30/100,SUMIFS(Intervalle!$K$6:$K$101,Intervalle!$G$6:$G$101,"NT")))*(1+Eingaben!$B$7)) -> 0.00468384 | AA6: =IF($B6<>"OK","",IF(A6<Eingaben!$B$18,Q6*Eingaben!$B$9/100,IF(Eingaben!$B$5="Report",Q6*Eingaben!$B$31/100,SUMIFS(Intervalle!$K$6:$K$101,Intervalle!$G$6:$G$101,"ST")))*(1+Eingaben!$B$7)) -> 0.005608232 | AB6: =IF($B6<>"OK","",IF(A6<Eingaben!$B$18,R6*Eingaben!$B$9/100,IF(Eingaben!$B$5="Report",R6*Eingaben!$B$32/100,SUMIFS(Intervalle!$K$6:$K$101,Intervalle!$G$6:$G$101,"HT")))*(1+Eingaben!$B$7)) -> 0.008512784 | AC6: =IF($B6<>"OK","",-SUM(Y6:AB6)) -> 0.017062934 | AD6: =IF($B6<>"OK","",SUM(S6:AB6)) -> 0.29561676 | AE6: =IF($B6<>"OK","",IF(Eingaben!$B$5="Report",Reportdaten!L6,"")) -> 0.3 | AF6: =IF($B6<>"OK","",IF(Eingaben!$B$5="Report",AD6-AE6,"")) -> -0.0043832418
A7: 46144 | B7: =IF(Eingaben!$B$27<>"OK","NETZREFERENZ FEHLT",IF(AND(A7<Eingaben!$B$18,NOT(ISNUMBER(Eingaben!$B$9))),"NORMALER NETZPREIS FEHLT",IF(Eingaben!$B$5="Report",IF(Reportdaten!Q7<>"complete","REPORT UNVOLLSTAENDIG",IF(AND(SUM(Reportdaten!I7:K7)>0,NOT(ISNUMBER(Eingaben!$B$13))),"HEAT-PREIS FEHLT","OK")),IF(COUNTIF(Intervalle!J102:J197,"OK")=96,"OK","INTERVALLE UNVOLLSTAENDIG")))) -> OK | C7: =IF($B7<>"OK","",IF(Eingaben!$B$5="Report",Reportdaten!C7,SUMIFS(Intervalle!$C$102:$C$197,Intervalle!$F$102:$F$197,"GO",Intervalle!$G$102:$G$197,"NT"))) -> 0.06 | D7: =IF($B7<>"OK","",IF(Eingaben!$B$5="Report",Reportdaten!D7,SUMIFS(Intervalle!$C$102:$C$197,Intervalle!$F$102:$F$197,"GO",Intervalle!$G$102:$G$197,"ST"))) -> 0 | E7: =IF($B7<>"OK","",IF(Eingaben!$B$5="Report",Reportdaten!E7,SUMIFS(Intervalle!$C$102:$C$197,Intervalle!$F$102:$F$197,"GO",Intervalle!$G$102:$G$197,"HT"))) -> 0 | F7: =IF($B7<>"OK","",IF(Eingaben!$B$5="Report",Reportdaten!F7,SUMIFS(Intervalle!$C$102:$C$197,Intervalle!$F$102:$F$197,"STANDARD",Intervalle!$G$102:$G$197,"NT"))) -> 0.023 | G7: =IF($B7<>"OK","",IF(Eingaben!$B$5="Report",Reportdaten!G7,SUMIFS(Intervalle!$C$102:$C$197,Intervalle!$F$102:$F$197,"STANDARD",Intervalle!$G$102:$G$197,"ST"))) -> 0.061 | H7: =IF($B7<>"OK","",IF(Eingaben!$B$5="Report",Reportdaten!H7,SUMIFS(Intervalle!$C$102:$C$197,Intervalle!$F$102:$F$197,"STANDARD",Intervalle!$G$102:$G$197,"HT"))) -> 0.266 | I7: =IF($B7<>"OK","",IF(Eingaben!$B$5="Report",Reportdaten!I7,SUMIFS(Intervalle!$C$102:$C$197,Intervalle!$F$102:$F$197,"HEAT",Intervalle!$G$102:$G$197,"NT"))) -> 0 | J7: =IF($B7<>"OK","",IF(Eingaben!$B$5="Report",Reportdaten!J7,SUMIFS(Intervalle!$C$102:$C$197,Intervalle!$F$102:$F$197,"HEAT",Intervalle!$G$102:$G$197,"ST"))) -> 0 | K7: =IF($B7<>"OK","",IF(Eingaben!$B$5="Report",Reportdaten!K7,SUMIFS(Intervalle!$C$102:$C$197,Intervalle!$F$102:$F$197,"HEAT",Intervalle!$G$102:$G$197,"HT"))) -> 0 | L7: =IF($B7<>"OK","",SUM(C7:K7)) -> 0.41 | M7: =IF($B7<>"OK","",SUM(C7:E7)) -> 0.06 | N7: =IF($B7<>"OK","",SUM(F7:H7)) -> 0.35 | O7: =IF($B7<>"OK","",SUM(I7:K7)) -> 0 | P7: =IF($B7<>"OK","",C7+F7+I7) -> 0.083 | Q7: =IF($B7<>"OK","",D7+G7+J7) -> 0.061 | R7: =IF($B7<>"OK","",E7+H7+K7) -> 0.266 | S7: =IF($B7<>"OK","",M7*Eingaben!$B$11/100) -> 0.00903924 | T7: =IF($B7<>"OK","",N7*Eingaben!$B$12/100) -> 0.0989604 | U7: =IF($B7<>"OK","",IF(O7=0,0,O7*Eingaben!$B$13/100)) -> 0 | V7: =IF($B7<>"OK","",IF(Eingaben!$B$15="Zeitanteilig",Eingaben!$B$14*12/365,Eingaben!$B$14/Eingaben!$B$25)) -> 0.58352384 | W7: =IF($B7<>"OK","",L7*(IF(A7<Eingaben!$B$18,Eingaben!$B$9,Eingaben!$B$10)-Eingaben!$B$8)*(1+Eingaben!$B$7)/100) -> 0 | X7: =IF($B7<>"OK","",IF(A7>=Eingaben!$B$17,-Eingaben!$B$16*(1+Eingaben!$B$7)/Eingaben!$B$26,0)) -> -0.35318548 | Y7: =IF($B7<>"OK","",-L7*IF(A7<Eingaben!$B$18,Eingaben!$B$9,Eingaben!$B$10)*(1+Eingaben!$B$7)/100) -> -0.03732435 | Z7: =IF($B7<>"OK","",IF(A7<Eingaben!$B$18,P7*Eingaben!$B$9/100,IF(Eingaben!$B$5="Report",P7*Eingaben!$B$30/100,SUMIFS(Intervalle!$K$102:$K$197,Intervalle!$G$102:$G$197,"NT")))*(1+Eingaben!$B$7)) -> 0.001619828 | AA7: =IF($B7<>"OK","",IF(A7<Eingaben!$B$18,Q7*Eingaben!$B$9/100,IF(Eingaben!$B$5="Report",Q7*Eingaben!$B$31/100,SUMIFS(Intervalle!$K$102:$K$197,Intervalle!$G$102:$G$197,"ST")))*(1+Eingaben!$B$7)) -> 0.003977932 | AB7: =IF($B7<>"OK","",IF(A7<Eingaben!$B$18,R7*Eingaben!$B$9/100,IF(Eingaben!$B$5="Report",R7*Eingaben!$B$32/100,SUMIFS(Intervalle!$K$102:$K$197,Intervalle!$G$102:$G$197,"HT")))*(1+Eingaben!$B$7)) -> 0.033300008 | AC7: =IF($B7<>"OK","",-SUM(Y7:AB7)) -> -0.001573418 | AD7: =IF($B7<>"OK","",SUM(S7:AB7)) -> 0.33991141 | AE7: =IF($B7<>"OK","",IF(Eingaben!$B$5="Report",Reportdaten!L7,"")) -> 0.34 | AF7: =IF($B7<>"OK","",IF(Eingaben!$B$5="Report",AD7-AE7,"")) -> -8.8585836e-05
A8: 46145 | B8: =IF(Eingaben!$B$27<>"OK","NETZREFERENZ FEHLT",IF(AND(A8<Eingaben!$B$18,NOT(ISNUMBER(Eingaben!$B$9))),"NORMALER NETZPREIS FEHLT",IF(Eingaben!$B$5="Report",IF(Reportdaten!Q8<>"complete","REPORT UNVOLLSTAENDIG",IF(AND(SUM(Reportdaten!I8:K8)>0,NOT(ISNUMBER(Eingaben!$B$13))),"HEAT-PREIS FEHLT","OK")),IF(COUNTIF(Intervalle!J198:J293,"OK")=96,"OK","INTERVALLE UNVOLLSTAENDIG")))) -> OK | C8: =IF($B8<>"OK","",IF(Eingaben!$B$5="Report",Reportdaten!C8,SUMIFS(Intervalle!$C$198:$C$293,Intervalle!$F$198:$F$293,"GO",Intervalle!$G$198:$G$293,"NT"))) -> 0.066 | D8: =IF($B8<>"OK","",IF(Eingaben!$B$5="Report",Reportdaten!D8,SUMIFS(Intervalle!$C$198:$C$293,Intervalle!$F$198:$F$293,"GO",Intervalle!$G$198:$G$293,"ST"))) -> 0 | E8: =IF($B8<>"OK","",IF(Eingaben!$B$5="Report",Reportdaten!E8,SUMIFS(Intervalle!$C$198:$C$293,Intervalle!$F$198:$F$293,"GO",Intervalle!$G$198:$G$293,"HT"))) -> 0 | F8: =IF($B8<>"OK","",IF(Eingaben!$B$5="Report",Reportdaten!F8,SUMIFS(Intervalle!$C$198:$C$293,Intervalle!$F$198:$F$293,"STANDARD",Intervalle!$G$198:$G$293,"NT"))) -> 0.024 | G8: =IF($B8<>"OK","",IF(Eingaben!$B$5="Report",Reportdaten!G8,SUMIFS(Intervalle!$C$198:$C$293,Intervalle!$F$198:$F$293,"STANDARD",Intervalle!$G$198:$G$293,"ST"))) -> 0.07 | H8: =IF($B8<>"OK","",IF(Eingaben!$B$5="Report",Reportdaten!H8,SUMIFS(Intervalle!$C$198:$C$293,Intervalle!$F$198:$F$293,"STANDARD",Intervalle!$G$198:$G$293,"HT"))) -> 0.051 | I8: =IF($B8<>"OK","",IF(Eingaben!$B$5="Report",Reportdaten!I8,SUMIFS(Intervalle!$C$198:$C$293,Intervalle!$F$198:$F$293,"HEAT",Intervalle!$G$198:$G$293,"NT"))) -> 0 | J8: =IF($B8<>"OK","",IF(Eingaben!$B$5="Report",Reportdaten!J8,SUMIFS(Intervalle!$C$198:$C$293,Intervalle!$F$198:$F$293,"HEAT",Intervalle!$G$198:$G$293,"ST"))) -> 0 | K8: =IF($B8<>"OK","",IF(Eingaben!$B$5="Report",Reportdaten!K8,SUMIFS(Intervalle!$C$198:$C$293,Intervalle!$F$198:$F$293,"HEAT",Intervalle!$G$198:$G$293,"HT"))) -> 0 | L8: =IF($B8<>"OK","",SUM(C8:K8)) -> 0.211 | M8: =IF($B8<>"OK","",SUM(C8:E8)) -> 0.066 | N8: =IF($B8<>"OK","",SUM(F8:H8)) -> 0.145 | O8: =IF($B8<>"OK","",SUM(I8:K8)) -> 0 | P8: =IF($B8<>"OK","",C8+F8+I8) -> 0.09 | Q8: =IF($B8<>"OK","",D8+G8+J8) -> 0.07 | R8: =IF($B8<>"OK","",E8+H8+K8) -> 0.051 | S8: =IF($B8<>"OK","",M8*Eingaben!$B$11/100) -> 0.009943164 | T8: =IF($B8<>"OK","",N8*Eingaben!$B$12/100) -> 0.04099788 | U8: =IF($B8<>"OK","",IF(O8=0,0,O8*Eingaben!$B$13/100)) -> 0 | V8: =IF($B8<>"OK","",IF(Eingaben!$B$15="Zeitanteilig",Eingaben!$B$14*12/365,Eingaben!$B$14/Eingaben!$B$25)) -> 0.58352384 | W8: =IF($B8<>"OK","",L8*(IF(A8<Eingaben!$B$18,Eingaben!$B$9,Eingaben!$B$10)-Eingaben!$B$8)*(1+Eingaben!$B$7)/100) -> 0 | X8: =IF($B8<>"OK","",IF(A8>=Eingaben!$B$17,-Eingaben!$B$16*(1+Eingaben!$B$7)/Eingaben!$B$26,0)) -> -0.35318548 | Y8: =IF($B8<>"OK","",-L8*IF(A8<Eingaben!$B$18,Eingaben!$B$9,Eingaben!$B$10)*(1+Eingaben!$B$7)/100) -> -0.019208385 | Z8: =IF($B8<>"OK","",IF(A8<Eingaben!$B$18,P8*Eingaben!$B$9/100,IF(Eingaben!$B$5="Report",P8*Eingaben!$B$30/100,SUMIFS(Intervalle!$K$198:$K$293,Intervalle!$G$198:$G$293,"NT")))*(1+Eingaben!$B$7)) -> 0.00175644 | AA8: =IF($B8<>"OK","",IF(A8<Eingaben!$B$18,Q8*Eingaben!$B$9/100,IF(Eingaben!$B$5="Report",Q8*Eingaben!$B$31/100,SUMIFS(Intervalle!$K$198:$K$293,Intervalle!$G$198:$G$293,"ST")))*(1+Eingaben!$B$7)) -> 0.00456484 | AB8: =IF($B8<>"OK","",IF(A8<Eingaben!$B$18,R8*Eingaben!$B$9/100,IF(Eingaben!$B$5="Report",R8*Eingaben!$B$32/100,SUMIFS(Intervalle!$K$198:$K$293,Intervalle!$G$198:$G$293,"HT")))*(1+Eingaben!$B$7)) -> 0.006384588 | AC8: =IF($B8<>"OK","",-SUM(Y8:AB8)) -> 0.006502517 | AD8: =IF($B8<>"OK","",SUM(S8:AB8)) -> 0.27477688 | AE8: =IF($B8<>"OK","",IF(Eingaben!$B$5="Report",Reportdaten!L8,"")) -> 0.27 | AF8: =IF($B8<>"OK","",IF(Eingaben!$B$5="Report",AD8-AE8,"")) -> 0.0047768832
A9: 46146 | B9: =IF(Eingaben!$B$27<>"OK","NETZREFERENZ FEHLT",IF(AND(A9<Eingaben!$B$18,NOT(ISNUMBER(Eingaben!$B$9))),"NORMALER NETZPREIS FEHLT",IF(Eingaben!$B$5="Report",IF(Reportdaten!Q9<>"complete","REPORT UNVOLLSTAENDIG",IF(AND(SUM(Reportdaten!I9:K9)>0,NOT(ISNUMBER(Eingaben!$B$13))),"HEAT-PREIS FEHLT","OK")),IF(COUNTIF(Intervalle!J294:J389,"OK")=96,"OK","INTERVALLE UNVOLLSTAENDIG")))) -> OK | C9: =IF($B9<>"OK","",IF(Eingaben!$B$5="Report",Reportdaten!C9,SUMIFS(Intervalle!$C$294:$C$389,Intervalle!$F$294:$F$389,"GO",Intervalle!$G$294:$G$389,"NT"))) -> 0.059 | D9: =IF($B9<>"OK","",IF(Eingaben!$B$5="Report",Reportdaten!D9,SUMIFS(Intervalle!$C$294:$C$389,Intervalle!$F$294:$F$389,"GO",Intervalle!$G$294:$G$389,"ST"))) -> 0 | E9: =IF($B9<>"OK","",IF(Eingaben!$B$5="Report",Reportdaten!E9,SUMIFS(Intervalle!$C$294:$C$389,Intervalle!$F$294:$F$389,"GO",Intervalle!$G$294:$G$389,"HT"))) -> 0 | F9: =IF($B9<>"OK","",IF(Eingaben!$B$5="Report",Reportdaten!F9,SUMIFS(Intervalle!$C$294:$C$389,Intervalle!$F$294:$F$389,"STANDARD",Intervalle!$G$294:$G$389,"NT"))) -> 0.018 | G9: =IF($B9<>"OK","",IF(Eingaben!$B$5="Report",Reportdaten!G9,SUMIFS(Intervalle!$C$294:$C$389,Intervalle!$F$294:$F$389,"STANDARD",Intervalle!$G$294:$G$389,"ST"))) -> 0.074 | H9: =IF($B9<>"OK","",IF(Eingaben!$B$5="Report",Reportdaten!H9,SUMIFS(Intervalle!$C$294:$C$389,Intervalle!$F$294:$F$389,"STANDARD",Intervalle!$G$294:$G$389,"HT"))) -> 0.042 | I9: =IF($B9<>"OK","",IF(Eingaben!$B$5="Report",Reportdaten!I9,SUMIFS(Intervalle!$C$294:$C$389,Intervalle!$F$294:$F$389,"HEAT",Intervalle!$G$294:$G$389,"NT"))) -> 0 | J9: =IF($B9<>"OK","",IF(Eingaben!$B$5="Report",Reportdaten!J9,SUMIFS(Intervalle!$C$294:$C$389,Intervalle!$F$294:$F$389,"HEAT",Intervalle!$G$294:$G$389,"ST"))) -> 0 | K9: =IF($B9<>"OK","",IF(Eingaben!$B$5="Report",Reportdaten!K9,SUMIFS(Intervalle!$C$294:$C$389,Intervalle!$F$294:$F$389,"HEAT",Intervalle!$G$294:$G$389,"HT"))) -> 0 | L9: =IF($B9<>"OK","",SUM(C9:K9)) -> 0.193 | M9: =IF($B9<>"OK","",SUM(C9:E9)) -> 0.059 | N9: =IF($B9<>"OK","",SUM(F9:H9)) -> 0.134 | O9: =IF($B9<>"OK","",SUM(I9:K9)) -> 0 | P9: =IF($B9<>"OK","",C9+F9+I9) -> 0.077 | Q9: =IF($B9<>"OK","",D9+G9+J9) -> 0.074 | R9: =IF($B9<>"OK","",E9+H9+K9) -> 0.042 | S9: =IF($B9<>"OK","",M9*Eingaben!$B$11/100) -> 0.008888586 | T9: =IF($B9<>"OK","",N9*Eingaben!$B$12/100) -> 0.037887696 | U9: =IF($B9<>"OK","",IF(O9=0,0,O9*Eingaben!$B$13/100)) -> 0 | V9: =IF($B9<>"OK","",IF(Eingaben!$B$15="Zeitanteilig",Eingaben!$B$14*12/365,Eingaben!$B$14/Eingaben!$B$25)) -> 0.58352384 | W9: =IF($B9<>"OK","",L9*(IF(A9<Eingaben!$B$18,Eingaben!$B$9,Eingaben!$B$10)-Eingaben!$B$8)*(1+Eingaben!$B$7)/100) -> 0 | X9: =IF($B9<>"OK","",IF(A9>=Eingaben!$B$17,-Eingaben!$B$16*(1+Eingaben!$B$7)/Eingaben!$B$26,0)) -> -0.35318548 | Y9: =IF($B9<>"OK","",-L9*IF(A9<Eingaben!$B$18,Eingaben!$B$9,Eingaben!$B$10)*(1+Eingaben!$B$7)/100) -> -0.017569755 | Z9: =IF($B9<>"OK","",IF(A9<Eingaben!$B$18,P9*Eingaben!$B$9/100,IF(Eingaben!$B$5="Report",P9*Eingaben!$B$30/100,SUMIFS(Intervalle!$K$294:$K$389,Intervalle!$G$294:$G$389,"NT")))*(1+Eingaben!$B$7)) -> 0.001502732 | AA9: =IF($B9<>"OK","",IF(A9<Eingaben!$B$18,Q9*Eingaben!$B$9/100,IF(Eingaben!$B$5="Report",Q9*Eingaben!$B$31/100,SUMIFS(Intervalle!$K$294:$K$389,Intervalle!$G$294:$G$389,"ST")))*(1+Eingaben!$B$7)) -> 0.004825688 | AB9: =IF($B9<>"OK","",IF(A9<Eingaben!$B$18,R9*Eingaben!$B$9/100,IF(Eingaben!$B$5="Report",R9*Eingaben!$B$32/100,SUMIFS(Intervalle!$K$294:$K$389,Intervalle!$G$294:$G$389,"HT")))*(1+Eingaben!$B$7)) -> 0.005257896 | AC9: =IF($B9<>"OK","",-SUM(Y9:AB9)) -> 0.005983439 | AD9: =IF($B9<>"OK","",SUM(S9:AB9)) -> 0.2711312 | AE9: =IF($B9<>"OK","",IF(Eingaben!$B$5="Report",Reportdaten!L9,"")) -> 0.27 | AF9: =IF($B9<>"OK","",IF(Eingaben!$B$5="Report",AD9-AE9,"")) -> 0.0011311992
A10: 46147 | B10: =IF(Eingaben!$B$27<>"OK","NETZREFERENZ FEHLT",IF(AND(A10<Eingaben!$B$18,NOT(ISNUMBER(Eingaben!$B$9))),"NORMALER NETZPREIS FEHLT",IF(Eingaben!$B$5="Report",IF(Reportdaten!Q10<>"complete","REPORT UNVOLLSTAENDIG",IF(AND(SUM(Reportdaten!I10:K10)>0,NOT(ISNUMBER(Eingaben!$B$13))),"HEAT-PREIS FEHLT","OK")),IF(COUNTIF(Intervalle!J390:J485,"OK")=96,"OK","INTERVALLE UNVOLLSTAENDIG")))) -> OK | C10: =IF($B10<>"OK","",IF(Eingaben!$B$5="Report",Reportdaten!C10,SUMIFS(Intervalle!$C$390:$C$485,Intervalle!$F$390:$F$485,"GO",Intervalle!$G$390:$G$485,"NT"))) -> 0.521 | D10: =IF($B10<>"OK","",IF(Eingaben!$B$5="Report",Reportdaten!D10,SUMIFS(Intervalle!$C$390:$C$485,Intervalle!$F$390:$F$485,"GO",Intervalle!$G$390:$G$485,"ST"))) -> 0 | E10: =IF($B10<>"OK","",IF(Eingaben!$B$5="Report",Reportdaten!E10,SUMIFS(Intervalle!$C$390:$C$485,Intervalle!$F$390:$F$485,"GO",Intervalle!$G$390:$G$485,"HT"))) -> 0 | F10: =IF($B10<>"OK","",IF(Eingaben!$B$5="Report",Reportdaten!F10,SUMIFS(Intervalle!$C$390:$C$485,Intervalle!$F$390:$F$485,"STANDARD",Intervalle!$G$390:$G$485,"NT"))) -> 0.003 | G10: =IF($B10<>"OK","",IF(Eingaben!$B$5="Report",Reportdaten!G10,SUMIFS(Intervalle!$C$390:$C$485,Intervalle!$F$390:$F$485,"STANDARD",Intervalle!$G$390:$G$485,"ST"))) -> 0.035 | H10: =IF($B10<>"OK","",IF(Eingaben!$B$5="Report",Reportdaten!H10,SUMIFS(Intervalle!$C$390:$C$485,Intervalle!$F$390:$F$485,"STANDARD",Intervalle!$G$390:$G$485,"HT"))) -> 0.005 | I10: =IF($B10<>"OK","",IF(Eingaben!$B$5="Report",Reportdaten!I10,SUMIFS(Intervalle!$C$390:$C$485,Intervalle!$F$390:$F$485,"HEAT",Intervalle!$G$390:$G$485,"NT"))) -> 0 | J10: =IF($B10<>"OK","",IF(Eingaben!$B$5="Report",Reportdaten!J10,SUMIFS(Intervalle!$C$390:$C$485,Intervalle!$F$390:$F$485,"HEAT",Intervalle!$G$390:$G$485,"ST"))) -> 0 | K10: =IF($B10<>"OK","",IF(Eingaben!$B$5="Report",Reportdaten!K10,SUMIFS(Intervalle!$C$390:$C$485,Intervalle!$F$390:$F$485,"HEAT",Intervalle!$G$390:$G$485,"HT"))) -> 0 | L10: =IF($B10<>"OK","",SUM(C10:K10)) -> 0.564 | M10: =IF($B10<>"OK","",SUM(C10:E10)) -> 0.521 | N10: =IF($B10<>"OK","",SUM(F10:H10)) -> 0.043 | O10: =IF($B10<>"OK","",SUM(I10:K10)) -> 0 | P10: =IF($B10<>"OK","",C10+F10+I10) -> 0.524 | Q10: =IF($B10<>"OK","",D10+G10+J10) -> 0.035 | R10: =IF($B10<>"OK","",E10+H10+K10) -> 0.005 | S10: =IF($B10<>"OK","",M10*Eingaben!$B$11/100) -> 0.078490734 | T10: =IF($B10<>"OK","",N10*Eingaben!$B$12/100) -> 0.012157992 | U10: =IF($B10<>"OK","",IF(O10=0,0,O10*Eingaben!$B$13/100)) -> 0 | V10: =IF($B10<>"OK","",IF(Eingaben!$B$15="Zeitanteilig",Eingaben!$B$14*12/365,Eingaben!$B$14/Eingaben!$B$25)) -> 0.58352384 | W10: =IF($B10<>"OK","",L10*(IF(A10<Eingaben!$B$18,Eingaben!$B$9,Eingaben!$B$10)-Eingaben!$B$8)*(1+Eingaben!$B$7)/100) -> 0 | X10: =IF($B10<>"OK","",IF(A10>=Eingaben!$B$17,-Eingaben!$B$16*(1+Eingaben!$B$7)/Eingaben!$B$26,0)) -> -0.35318548 | Y10: =IF($B10<>"OK","",-L10*IF(A10<Eingaben!$B$18,Eingaben!$B$9,Eingaben!$B$10)*(1+Eingaben!$B$7)/100) -> -0.05134374 | Z10: =IF($B10<>"OK","",IF(A10<Eingaben!$B$18,P10*Eingaben!$B$9/100,IF(Eingaben!$B$5="Report",P10*Eingaben!$B$30/100,SUMIFS(Intervalle!$K$390:$K$485,Intervalle!$G$390:$G$485,"NT")))*(1+Eingaben!$B$7)) -> 0.010226384 | AA10: =IF($B10<>"OK","",IF(A10<Eingaben!$B$18,Q10*Eingaben!$B$9/100,IF(Eingaben!$B$5="Report",Q10*Eingaben!$B$31/100,SUMIFS(Intervalle!$K$390:$K$485,Intervalle!$G$390:$G$485,"ST")))*(1+Eingaben!$B$7)) -> 0.00228242 | AB10: =IF($B10<>"OK","",IF(A10<Eingaben!$B$18,R10*Eingaben!$B$9/100,IF(Eingaben!$B$5="Report",R10*Eingaben!$B$32/100,SUMIFS(Intervalle!$K$390:$K$485,Intervalle!$G$390:$G$485,"HT")))*(1+Eingaben!$B$7)) -> 0.00062594 | AC10: =IF($B10<>"OK","",-SUM(Y10:AB10)) -> 0.038208996 | AD10: =IF($B10<>"OK","",SUM(S10:AB10)) -> 0.28277809 | AE10: =IF($B10<>"OK","",IF(Eingaben!$B$5="Report",Reportdaten!L10,"")) -> 0.28 | AF10: =IF($B10<>"OK","",IF(Eingaben!$B$5="Report",AD10-AE10,"")) -> 0.0027780862
A11: 46148 | B11: =IF(Eingaben!$B$27<>"OK","NETZREFERENZ FEHLT",IF(AND(A11<Eingaben!$B$18,NOT(ISNUMBER(Eingaben!$B$9))),"NORMALER NETZPREIS FEHLT",IF(Eingaben!$B$5="Report",IF(Reportdaten!Q11<>"complete","REPORT UNVOLLSTAENDIG",IF(AND(SUM(Reportdaten!I11:K11)>0,NOT(ISNUMBER(Eingaben!$B$13))),"HEAT-PREIS FEHLT","OK")),IF(COUNTIF(Intervalle!J486:J581,"OK")=96,"OK","INTERVALLE UNVOLLSTAENDIG")))) -> OK | C11: =IF($B11<>"OK","",IF(Eingaben!$B$5="Report",Reportdaten!C11,SUMIFS(Intervalle!$C$486:$C$581,Intervalle!$F$486:$F$581,"GO",Intervalle!$G$486:$G$581,"NT"))) -> 0.15 | D11: =IF($B11<>"OK","",IF(Eingaben!$B$5="Report",Reportdaten!D11,SUMIFS(Intervalle!$C$486:$C$581,Intervalle!$F$486:$F$581,"GO",Intervalle!$G$486:$G$581,"ST"))) -> 0 | E11: =IF($B11<>"OK","",IF(Eingaben!$B$5="Report",Reportdaten!E11,SUMIFS(Intervalle!$C$486:$C$581,Intervalle!$F$486:$F$581,"GO",Intervalle!$G$486:$G$581,"HT"))) -> 0 | F11: =IF($B11<>"OK","",IF(Eingaben!$B$5="Report",Reportdaten!F11,SUMIFS(Intervalle!$C$486:$C$581,Intervalle!$F$486:$F$581,"STANDARD",Intervalle!$G$486:$G$581,"NT"))) -> 0.067 | G11: =IF($B11<>"OK","",IF(Eingaben!$B$5="Report",Reportdaten!G11,SUMIFS(Intervalle!$C$486:$C$581,Intervalle!$F$486:$F$581,"STANDARD",Intervalle!$G$486:$G$581,"ST"))) -> 0.188 | H11: =IF($B11<>"OK","",IF(Eingaben!$B$5="Report",Reportdaten!H11,SUMIFS(Intervalle!$C$486:$C$581,Intervalle!$F$486:$F$581,"STANDARD",Intervalle!$G$486:$G$581,"HT"))) -> 0.041 | I11: =IF($B11<>"OK","",IF(Eingaben!$B$5="Report",Reportdaten!I11,SUMIFS(Intervalle!$C$486:$C$581,Intervalle!$F$486:$F$581,"HEAT",Intervalle!$G$486:$G$581,"NT"))) -> 0 | J11: =IF($B11<>"OK","",IF(Eingaben!$B$5="Report",Reportdaten!J11,SUMIFS(Intervalle!$C$486:$C$581,Intervalle!$F$486:$F$581,"HEAT",Intervalle!$G$486:$G$581,"ST"))) -> 0 | K11: =IF($B11<>"OK","",IF(Eingaben!$B$5="Report",Reportdaten!K11,SUMIFS(Intervalle!$C$486:$C$581,Intervalle!$F$486:$F$581,"HEAT",Intervalle!$G$486:$G$581,"HT"))) -> 0 | L11: =IF($B11<>"OK","",SUM(C11:K11)) -> 0.446 | M11: =IF($B11<>"OK","",SUM(C11:E11)) -> 0.15 | N11: =IF($B11<>"OK","",SUM(F11:H11)) -> 0.296 | O11: =IF($B11<>"OK","",SUM(I11:K11)) -> 0 | P11: =IF($B11<>"OK","",C11+F11+I11) -> 0.217 | Q11: =IF($B11<>"OK","",D11+G11+J11) -> 0.188 | R11: =IF($B11<>"OK","",E11+H11+K11) -> 0.041 | S11: =IF($B11<>"OK","",M11*Eingaben!$B$11/100) -> 0.0225981 | T11: =IF($B11<>"OK","",N11*Eingaben!$B$12/100) -> 0.083692224 | U11: =IF($B11<>"OK","",IF(O11=0,0,O11*Eingaben!$B$13/100)) -> 0 | V11: =IF($B11<>"OK","",IF(Eingaben!$B$15="Zeitanteilig",Eingaben!$B$14*12/365,Eingaben!$B$14/Eingaben!$B$25)) -> 0.58352384 | W11: =IF($B11<>"OK","",L11*(IF(A11<Eingaben!$B$18,Eingaben!$B$9,Eingaben!$B$10)-Eingaben!$B$8)*(1+Eingaben!$B$7)/100) -> 0 | X11: =IF($B11<>"OK","",IF(A11>=Eingaben!$B$17,-Eingaben!$B$16*(1+Eingaben!$B$7)/Eingaben!$B$26,0)) -> -0.35318548 | Y11: =IF($B11<>"OK","",-L11*IF(A11<Eingaben!$B$18,Eingaben!$B$9,Eingaben!$B$10)*(1+Eingaben!$B$7)/100) -> -0.04060161 | Z11: =IF($B11<>"OK","",IF(A11<Eingaben!$B$18,P11*Eingaben!$B$9/100,IF(Eingaben!$B$5="Report",P11*Eingaben!$B$30/100,SUMIFS(Intervalle!$K$486:$K$581,Intervalle!$G$486:$G$581,"NT")))*(1+Eingaben!$B$7)) -> 0.004234972 | AA11: =IF($B11<>"OK","",IF(A11<Eingaben!$B$18,Q11*Eingaben!$B$9/100,IF(Eingaben!$B$5="Report",Q11*Eingaben!$B$31/100,SUMIFS(Intervalle!$K$486:$K$581,Intervalle!$G$486:$G$581,"ST")))*(1+Eingaben!$B$7)) -> 0.012259856 | AB11: =IF($B11<>"OK","",IF(A11<Eingaben!$B$18,R11*Eingaben!$B$9/100,IF(Eingaben!$B$5="Report",R11*Eingaben!$B$32/100,SUMIFS(Intervalle!$K$486:$K$581,Intervalle!$G$486:$G$581,"HT")))*(1+Eingaben!$B$7)) -> 0.005132708 | AC11: =IF($B11<>"OK","",-SUM(Y11:AB11)) -> 0.018974074 | AD11: =IF($B11<>"OK","",SUM(S11:AB11)) -> 0.31765461 | AE11: =IF($B11<>"OK","",IF(Eingaben!$B$5="Report",Reportdaten!L11,"")) -> 0.32 | AF11: =IF($B11<>"OK","",IF(Eingaben!$B$5="Report",AD11-AE11,"")) -> -0.0023453938
A12: 46149 | B12: =IF(Eingaben!$B$27<>"OK","NETZREFERENZ FEHLT",IF(AND(A12<Eingaben!$B$18,NOT(ISNUMBER(Eingaben!$B$9))),"NORMALER NETZPREIS FEHLT",IF(Eingaben!$B$5="Report",IF(Reportdaten!Q12<>"complete","REPORT UNVOLLSTAENDIG",IF(AND(SUM(Reportdaten!I12:K12)>0,NOT(ISNUMBER(Eingaben!$B$13))),"HEAT-PREIS FEHLT","OK")),IF(COUNTIF(Intervalle!J582:J677,"OK")=96,"OK","INTERVALLE UNVOLLSTAENDIG")))) -> OK | C12: =IF($B12<>"OK","",IF(Eingaben!$B$5="Report",Reportdaten!C12,SUMIFS(Intervalle!$C$582:$C$677,Intervalle!$F$582:$F$677,"GO",Intervalle!$G$582:$G$677,"NT"))) -> 0.066 | D12: =IF($B12<>"OK","",IF(Eingaben!$B$5="Report",Reportdaten!D12,SUMIFS(Intervalle!$C$582:$C$677,Intervalle!$F$582:$F$677,"GO",Intervalle!$G$582:$G$677,"ST"))) -> 0 | E12: =IF($B12<>"OK","",IF(Eingaben!$B$5="Report",Reportdaten!E12,SUMIFS(Intervalle!$C$582:$C$677,Intervalle!$F$582:$F$677,"GO",Intervalle!$G$582:$G$677,"HT"))) -> 0 | F12: =IF($B12<>"OK","",IF(Eingaben!$B$5="Report",Reportdaten!F12,SUMIFS(Intervalle!$C$582:$C$677,Intervalle!$F$582:$F$677,"STANDARD",Intervalle!$G$582:$G$677,"NT"))) -> 0.044 | G12: =IF($B12<>"OK","",IF(Eingaben!$B$5="Report",Reportdaten!G12,SUMIFS(Intervalle!$C$582:$C$677,Intervalle!$F$582:$F$677,"STANDARD",Intervalle!$G$582:$G$677,"ST"))) -> 0.118 | H12: =IF($B12<>"OK","",IF(Eingaben!$B$5="Report",Reportdaten!H12,SUMIFS(Intervalle!$C$582:$C$677,Intervalle!$F$582:$F$677,"STANDARD",Intervalle!$G$582:$G$677,"HT"))) -> 0.134 | I12: =IF($B12<>"OK","",IF(Eingaben!$B$5="Report",Reportdaten!I12,SUMIFS(Intervalle!$C$582:$C$677,Intervalle!$F$582:$F$677,"HEAT",Intervalle!$G$582:$G$677,"NT"))) -> 0 | J12: =IF($B12<>"OK","",IF(Eingaben!$B$5="Report",Reportdaten!J12,SUMIFS(Intervalle!$C$582:$C$677,Intervalle!$F$582:$F$677,"HEAT",Intervalle!$G$582:$G$677,"ST"))) -> 0 | K12: =IF($B12<>"OK","",IF(Eingaben!$B$5="Report",Reportdaten!K12,SUMIFS(Intervalle!$C$582:$C$677,Intervalle!$F$582:$F$677,"HEAT",Intervalle!$G$582:$G$677,"HT"))) -> 0 | L12: =IF($B12<>"OK","",SUM(C12:K12)) -> 0.362 | M12: =IF($B12<>"OK","",SUM(C12:E12)) -> 0.066 | N12: =IF($B12<>"OK","",SUM(F12:H12)) -> 0.296 | O12: =IF($B12<>"OK","",SUM(I12:K12)) -> 0 | P12: =IF($B12<>"OK","",C12+F12+I12) -> 0.11 | Q12: =IF($B12<>"OK","",D12+G12+J12) -> 0.118 | R12: =IF($B12<>"OK","",E12+H12+K12) -> 0.134 | S12: =IF($B12<>"OK","",M12*Eingaben!$B$11/100) -> 0.009943164 | T12: =IF($B12<>"OK","",N12*Eingaben!$B$12/100) -> 0.083692224 | U12: =IF($B12<>"OK","",IF(O12=0,0,O12*Eingaben!$B$13/100)) -> 0 | V12: =IF($B12<>"OK","",IF(Eingaben!$B$15="Zeitanteilig",Eingaben!$B$14*12/365,Eingaben!$B$14/Eingaben!$B$25)) -> 0.58352384 | W12: =IF($B12<>"OK","",L12*(IF(A12<Eingaben!$B$18,Eingaben!$B$9,Eingaben!$B$10)-Eingaben!$B$8)*(1+Eingaben!$B$7)/100) -> 0 | X12: =IF($B12<>"OK","",IF(A12>=Eingaben!$B$17,-Eingaben!$B$16*(1+Eingaben!$B$7)/Eingaben!$B$26,0)) -> -0.35318548 | Y12: =IF($B12<>"OK","",-L12*IF(A12<Eingaben!$B$18,Eingaben!$B$9,Eingaben!$B$10)*(1+Eingaben!$B$7)/100) -> -0.03295467 | Z12: =IF($B12<>"OK","",IF(A12<Eingaben!$B$18,P12*Eingaben!$B$9/100,IF(Eingaben!$B$5="Report",P12*Eingaben!$B$30/100,SUMIFS(Intervalle!$K$582:$K$677,Intervalle!$G$582:$G$677,"NT")))*(1+Eingaben!$B$7)) -> 0.00214676 | AA12: =IF($B12<>"OK","",IF(A12<Eingaben!$B$18,Q12*Eingaben!$B$9/100,IF(Eingaben!$B$5="Report",Q12*Eingaben!$B$31/100,SUMIFS(Intervalle!$K$582:$K$677,Intervalle!$G$582:$G$677,"ST")))*(1+Eingaben!$B$7)) -> 0.007695016 | AB12: =IF($B12<>"OK","",IF(A12<Eingaben!$B$18,R12*Eingaben!$B$9/100,IF(Eingaben!$B$5="Report",R12*Eingaben!$B$32/100,SUMIFS(Intervalle!$K$582:$K$677,Intervalle!$G$582:$G$677,"HT")))*(1+Eingaben!$B$7)) -> 0.016775192 | AC12: =IF($B12<>"OK","",-SUM(Y12:AB12)) -> 0.006337702 | AD12: =IF($B12<>"OK","",SUM(S12:AB12)) -> 0.31763604 | AE12: =IF($B12<>"OK","",IF(Eingaben!$B$5="Report",Reportdaten!L12,"")) -> 0.32 | AF12: =IF($B12<>"OK","",IF(Eingaben!$B$5="Report",AD12-AE12,"")) -> -0.0023639578
A13: 46150 | B13: =IF(Eingaben!$B$27<>"OK","NETZREFERENZ FEHLT",IF(AND(A13<Eingaben!$B$18,NOT(ISNUMBER(Eingaben!$B$9))),"NORMALER NETZPREIS FEHLT",IF(Eingaben!$B$5="Report",IF(Reportdaten!Q13<>"complete","REPORT UNVOLLSTAENDIG",IF(AND(SUM(Reportdaten!I13:K13)>0,NOT(ISNUMBER(Eingaben!$B$13))),"HEAT-PREIS FEHLT","OK")),IF(COUNTIF(Intervalle!J678:J773,"OK")=96,"OK","INTERVALLE UNVOLLSTAENDIG")))) -> OK | C13: =IF($B13<>"OK","",IF(Eingaben!$B$5="Report",Reportdaten!C13,SUMIFS(Intervalle!$C$678:$C$773,Intervalle!$F$678:$F$773,"GO",Intervalle!$G$678:$G$773,"NT"))) -> 0.291 | D13: =IF($B13<>"OK","",IF(Eingaben!$B$5="Report",Reportdaten!D13,SUMIFS(Intervalle!$C$678:$C$773,Intervalle!$F$678:$F$773,"GO",Intervalle!$G$678:$G$773,"ST"))) -> 0 | E13: =IF($B13<>"OK","",IF(Eingaben!$B$5="Report",Reportdaten!E13,SUMIFS(Intervalle!$C$678:$C$773,Intervalle!$F$678:$F$773,"GO",Intervalle!$G$678:$G$773,"HT"))) -> 0 | F13: =IF($B13<>"OK","",IF(Eingaben!$B$5="Report",Reportdaten!F13,SUMIFS(Intervalle!$C$678:$C$773,Intervalle!$F$678:$F$773,"STANDARD",Intervalle!$G$678:$G$773,"NT"))) -> 0.052 | G13: =IF($B13<>"OK","",IF(Eingaben!$B$5="Report",Reportdaten!G13,SUMIFS(Intervalle!$C$678:$C$773,Intervalle!$F$678:$F$773,"STANDARD",Intervalle!$G$678:$G$773,"ST"))) -> 0.213 | H13: =IF($B13<>"OK","",IF(Eingaben!$B$5="Report",Reportdaten!H13,SUMIFS(Intervalle!$C$678:$C$773,Intervalle!$F$678:$F$773,"STANDARD",Intervalle!$G$678:$G$773,"HT"))) -> 0.023 | I13: =IF($B13<>"OK","",IF(Eingaben!$B$5="Report",Reportdaten!I13,SUMIFS(Intervalle!$C$678:$C$773,Intervalle!$F$678:$F$773,"HEAT",Intervalle!$G$678:$G$773,"NT"))) -> 0 | J13: =IF($B13<>"OK","",IF(Eingaben!$B$5="Report",Reportdaten!J13,SUMIFS(Intervalle!$C$678:$C$773,Intervalle!$F$678:$F$773,"HEAT",Intervalle!$G$678:$G$773,"ST"))) -> 0 | K13: =IF($B13<>"OK","",IF(Eingaben!$B$5="Report",Reportdaten!K13,SUMIFS(Intervalle!$C$678:$C$773,Intervalle!$F$678:$F$773,"HEAT",Intervalle!$G$678:$G$773,"HT"))) -> 0 | L13: =IF($B13<>"OK","",SUM(C13:K13)) -> 0.579 | M13: =IF($B13<>"OK","",SUM(C13:E13)) -> 0.291 | N13: =IF($B13<>"OK","",SUM(F13:H13)) -> 0.288 | O13: =IF($B13<>"OK","",SUM(I13:K13)) -> 0 | P13: =IF($B13<>"OK","",C13+F13+I13) -> 0.343 | Q13: =IF($B13<>"OK","",D13+G13+J13) -> 0.213 | R13: =IF($B13<>"OK","",E13+H13+K13) -> 0.023 | S13: =IF($B13<>"OK","",M13*Eingaben!$B$11/100) -> 0.043840314 | T13: =IF($B13<>"OK","",N13*Eingaben!$B$12/100) -> 0.081430272 | U13: =IF($B13<>"OK","",IF(O13=0,0,O13*Eingaben!$B$13/100)) -> 0 | V13: =IF($B13<>"OK","",IF(Eingaben!$B$15="Zeitanteilig",Eingaben!$B$14*12/365,Eingaben!$B$14/Eingaben!$B$25)) -> 0.58352384 | W13: =IF($B13<>"OK","",L13*(IF(A13<Eingaben!$B$18,Eingaben!$B$9,Eingaben!$B$10)-Eingaben!$B$8)*(1+Eingaben!$B$7)/100) -> 0 | X13: =IF($B13<>"OK","",IF(A13>=Eingaben!$B$17,-Eingaben!$B$16*(1+Eingaben!$B$7)/Eingaben!$B$26,0)) -> -0.35318548 | Y13: =IF($B13<>"OK","",-L13*IF(A13<Eingaben!$B$18,Eingaben!$B$9,Eingaben!$B$10)*(1+Eingaben!$B$7)/100) -> -0.052709265 | Z13: =IF($B13<>"OK","",IF(A13<Eingaben!$B$18,P13*Eingaben!$B$9/100,IF(Eingaben!$B$5="Report",P13*Eingaben!$B$30/100,SUMIFS(Intervalle!$K$678:$K$773,Intervalle!$G$678:$G$773,"NT")))*(1+Eingaben!$B$7)) -> 0.006693988 | AA13: =IF($B13<>"OK","",IF(A13<Eingaben!$B$18,Q13*Eingaben!$B$9/100,IF(Eingaben!$B$5="Report",Q13*Eingaben!$B$31/100,SUMIFS(Intervalle!$K$678:$K$773,Intervalle!$G$678:$G$773,"ST")))*(1+Eingaben!$B$7)) -> 0.013890156 | AB13: =IF($B13<>"OK","",IF(A13<Eingaben!$B$18,R13*Eingaben!$B$9/100,IF(Eingaben!$B$5="Report",R13*Eingaben!$B$32/100,SUMIFS(Intervalle!$K$678:$K$773,Intervalle!$G$678:$G$773,"HT")))*(1+Eingaben!$B$7)) -> 0.002879324 | AC13: =IF($B13<>"OK","",-SUM(Y13:AB13)) -> 0.029245797 | AD13: =IF($B13<>"OK","",SUM(S13:AB13)) -> 0.32636315 | AE13: =IF($B13<>"OK","",IF(Eingaben!$B$5="Report",Reportdaten!L13,"")) -> 0.33 | AF13: =IF($B13<>"OK","",IF(Eingaben!$B$5="Report",AD13-AE13,"")) -> -0.0036368548
A14: 46151 | B14: =IF(Eingaben!$B$27<>"OK","NETZREFERENZ FEHLT",IF(AND(A14<Eingaben!$B$18,NOT(ISNUMBER(Eingaben!$B$9))),"NORMALER NETZPREIS FEHLT",IF(Eingaben!$B$5="Report",IF(Reportdaten!Q14<>"complete","REPORT UNVOLLSTAENDIG",IF(AND(SUM(Reportdaten!I14:K14)>0,NOT(ISNUMBER(Eingaben!$B$13))),"HEAT-PREIS FEHLT","OK")),IF(COUNTIF(Intervalle!J774:J869,"OK")=96,"OK","INTERVALLE UNVOLLSTAENDIG")))) -> OK | C14: =IF($B14<>"OK","",IF(Eingaben!$B$5="Report",Reportdaten!C14,SUMIFS(Intervalle!$C$774:$C$869,Intervalle!$F$774:$F$869,"GO",Intervalle!$G$774:$G$869,"NT"))) -> 0.133 | D14: =IF($B14<>"OK","",IF(Eingaben!$B$5="Report",Reportdaten!D14,SUMIFS(Intervalle!$C$774:$C$869,Intervalle!$F$774:$F$869,"GO",Intervalle!$G$774:$G$869,"ST"))) -> 0 | E14: =IF($B14<>"OK","",IF(Eingaben!$B$5="Report",Reportdaten!E14,SUMIFS(Intervalle!$C$774:$C$869,Intervalle!$F$774:$F$869,"GO",Intervalle!$G$774:$G$869,"HT"))) -> 0 | F14: =IF($B14<>"OK","",IF(Eingaben!$B$5="Report",Reportdaten!F14,SUMIFS(Intervalle!$C$774:$C$869,Intervalle!$F$774:$F$869,"STANDARD",Intervalle!$G$774:$G$869,"NT"))) -> 0.069 | G14: =IF($B14<>"OK","",IF(Eingaben!$B$5="Report",Reportdaten!G14,SUMIFS(Intervalle!$C$774:$C$869,Intervalle!$F$774:$F$869,"STANDARD",Intervalle!$G$774:$G$869,"ST"))) -> 0.096 | H14: =IF($B14<>"OK","",IF(Eingaben!$B$5="Report",Reportdaten!H14,SUMIFS(Intervalle!$C$774:$C$869,Intervalle!$F$774:$F$869,"STANDARD",Intervalle!$G$774:$G$869,"HT"))) -> 0.018 | I14: =IF($B14<>"OK","",IF(Eingaben!$B$5="Report",Reportdaten!I14,SUMIFS(Intervalle!$C$774:$C$869,Intervalle!$F$774:$F$869,"HEAT",Intervalle!$G$774:$G$869,"NT"))) -> 0 | J14: =IF($B14<>"OK","",IF(Eingaben!$B$5="Report",Reportdaten!J14,SUMIFS(Intervalle!$C$774:$C$869,Intervalle!$F$774:$F$869,"HEAT",Intervalle!$G$774:$G$869,"ST"))) -> 0 | K14: =IF($B14<>"OK","",IF(Eingaben!$B$5="Report",Reportdaten!K14,SUMIFS(Intervalle!$C$774:$C$869,Intervalle!$F$774:$F$869,"HEAT",Intervalle!$G$774:$G$869,"HT"))) -> 0 | L14: =IF($B14<>"OK","",SUM(C14:K14)) -> 0.316 | M14: =IF($B14<>"OK","",SUM(C14:E14)) -> 0.133 | N14: =IF($B14<>"OK","",SUM(F14:H14)) -> 0.183 | O14: =IF($B14<>"OK","",SUM(I14:K14)) -> 0 | P14: =IF($B14<>"OK","",C14+F14+I14) -> 0.202 | Q14: =IF($B14<>"OK","",D14+G14+J14) -> 0.096 | R14: =IF($B14<>"OK","",E14+H14+K14) -> 0.018 | S14: =IF($B14<>"OK","",M14*Eingaben!$B$11/100) -> 0.020036982 | T14: =IF($B14<>"OK","",N14*Eingaben!$B$12/100) -> 0.051742152 | U14: =IF($B14<>"OK","",IF(O14=0,0,O14*Eingaben!$B$13/100)) -> 0 | V14: =IF($B14<>"OK","",IF(Eingaben!$B$15="Zeitanteilig",Eingaben!$B$14*12/365,Eingaben!$B$14/Eingaben!$B$25)) -> 0.58352384 | W14: =IF($B14<>"OK","",L14*(IF(A14<Eingaben!$B$18,Eingaben!$B$9,Eingaben!$B$10)-Eingaben!$B$8)*(1+Eingaben!$B$7)/100) -> 0 | X14: =IF($B14<>"OK","",IF(A14>=Eingaben!$B$17,-Eingaben!$B$16*(1+Eingaben!$B$7)/Eingaben!$B$26,0)) -> -0.35318548 | Y14: =IF($B14<>"OK","",-L14*IF(A14<Eingaben!$B$18,Eingaben!$B$9,Eingaben!$B$10)*(1+Eingaben!$B$7)/100) -> -0.02876706 | Z14: =IF($B14<>"OK","",IF(A14<Eingaben!$B$18,P14*Eingaben!$B$9/100,IF(Eingaben!$B$5="Report",P14*Eingaben!$B$30/100,SUMIFS(Intervalle!$K$774:$K$869,Intervalle!$G$774:$G$869,"NT")))*(1+Eingaben!$B$7)) -> 0.003942232 | AA14: =IF($B14<>"OK","",IF(A14<Eingaben!$B$18,Q14*Eingaben!$B$9/100,IF(Eingaben!$B$5="Report",Q14*Eingaben!$B$31/100,SUMIFS(Intervalle!$K$774:$K$869,Intervalle!$G$774:$G$869,"ST")))*(1+Eingaben!$B$7)) -> 0.006260352 | AB14: =IF($B14<>"OK","",IF(A14<Eingaben!$B$18,R14*Eingaben!$B$9/100,IF(Eingaben!$B$5="Report",R14*Eingaben!$B$32/100,SUMIFS(Intervalle!$K$774:$K$869,Intervalle!$G$774:$G$869,"HT")))*(1+Eingaben!$B$7)) -> 0.002253384 | AC14: =IF($B14<>"OK","",-SUM(Y14:AB14)) -> 0.016311092 | AD14: =IF($B14<>"OK","",SUM(S14:AB14)) -> 0.2858064 | AE14: =IF($B14<>"OK","",IF(Eingaben!$B$5="Report",Reportdaten!L14,"")) -> 0.29 | AF14: =IF($B14<>"OK","",IF(Eingaben!$B$5="Report",AD14-AE14,"")) -> -0.0041936018
A15: 46152 | B15: =IF(Eingaben!$B$27<>"OK","NETZREFERENZ FEHLT",IF(AND(A15<Eingaben!$B$18,NOT(ISNUMBER(Eingaben!$B$9))),"NORMALER NETZPREIS FEHLT",IF(Eingaben!$B$5="Report",IF(Reportdaten!Q15<>"complete","REPORT UNVOLLSTAENDIG",IF(AND(SUM(Reportdaten!I15:K15)>0,NOT(ISNUMBER(Eingaben!$B$13))),"HEAT-PREIS FEHLT","OK")),IF(COUNTIF(Intervalle!J870:J965,"OK")=96,"OK","INTERVALLE UNVOLLSTAENDIG")))) -> OK | C15: =IF($B15<>"OK","",IF(Eingaben!$B$5="Report",Reportdaten!C15,SUMIFS(Intervalle!$C$870:$C$965,Intervalle!$F$870:$F$965,"GO",Intervalle!$G$870:$G$965,"NT"))) -> 0.113 | D15: =IF($B15<>"OK","",IF(Eingaben!$B$5="Report",Reportdaten!D15,SUMIFS(Intervalle!$C$870:$C$965,Intervalle!$F$870:$F$965,"GO",Intervalle!$G$870:$G$965,"ST"))) -> 0 | E15: =IF($B15<>"OK","",IF(Eingaben!$B$5="Report",Reportdaten!E15,SUMIFS(Intervalle!$C$870:$C$965,Intervalle!$F$870:$F$965,"GO",Intervalle!$G$870:$G$965,"HT"))) -> 0 | F15: =IF($B15<>"OK","",IF(Eingaben!$B$5="Report",Reportdaten!F15,SUMIFS(Intervalle!$C$870:$C$965,Intervalle!$F$870:$F$965,"STANDARD",Intervalle!$G$870:$G$965,"NT"))) -> 0.039 | G15: =IF($B15<>"OK","",IF(Eingaben!$B$5="Report",Reportdaten!G15,SUMIFS(Intervalle!$C$870:$C$965,Intervalle!$F$870:$F$965,"STANDARD",Intervalle!$G$870:$G$965,"ST"))) -> 0.024 | H15: =IF($B15<>"OK","",IF(Eingaben!$B$5="Report",Reportdaten!H15,SUMIFS(Intervalle!$C$870:$C$965,Intervalle!$F$870:$F$965,"STANDARD",Intervalle!$G$870:$G$965,"HT"))) -> 0.024 | I15: =IF($B15<>"OK","",IF(Eingaben!$B$5="Report",Reportdaten!I15,SUMIFS(Intervalle!$C$870:$C$965,Intervalle!$F$870:$F$965,"HEAT",Intervalle!$G$870:$G$965,"NT"))) -> 0 | J15: =IF($B15<>"OK","",IF(Eingaben!$B$5="Report",Reportdaten!J15,SUMIFS(Intervalle!$C$870:$C$965,Intervalle!$F$870:$F$965,"HEAT",Intervalle!$G$870:$G$965,"ST"))) -> 0 | K15: =IF($B15<>"OK","",IF(Eingaben!$B$5="Report",Reportdaten!K15,SUMIFS(Intervalle!$C$870:$C$965,Intervalle!$F$870:$F$965,"HEAT",Intervalle!$G$870:$G$965,"HT"))) -> 0 | L15: =IF($B15<>"OK","",SUM(C15:K15)) -> 0.2 | M15: =IF($B15<>"OK","",SUM(C15:E15)) -> 0.113 | N15: =IF($B15<>"OK","",SUM(F15:H15)) -> 0.087 | O15: =IF($B15<>"OK","",SUM(I15:K15)) -> 0 | P15: =IF($B15<>"OK","",C15+F15+I15) -> 0.152 | Q15: =IF($B15<>"OK","",D15+G15+J15) -> 0.024 | R15: =IF($B15<>"OK","",E15+H15+K15) -> 0.024 | S15: =IF($B15<>"OK","",M15*Eingaben!$B$11/100) -> 0.017023902 | T15: =IF($B15<>"OK","",N15*Eingaben!$B$12/100) -> 0.024598728 | U15: =IF($B15<>"OK","",IF(O15=0,0,O15*Eingaben!$B$13/100)) -> 0 | V15: =IF($B15<>"OK","",IF(Eingaben!$B$15="Zeitanteilig",Eingaben!$B$14*12/365,Eingaben!$B$14/Eingaben!$B$25)) -> 0.58352384 | W15: =IF($B15<>"OK","",L15*(IF(A15<Eingaben!$B$18,Eingaben!$B$9,Eingaben!$B$10)-Eingaben!$B$8)*(1+Eingaben!$B$7)/100) -> 0 | X15: =IF($B15<>"OK","",IF(A15>=Eingaben!$B$17,-Eingaben!$B$16*(1+Eingaben!$B$7)/Eingaben!$B$26,0)) -> -0.35318548 | Y15: =IF($B15<>"OK","",-L15*IF(A15<Eingaben!$B$18,Eingaben!$B$9,Eingaben!$B$10)*(1+Eingaben!$B$7)/100) -> -0.018207 | Z15: =IF($B15<>"OK","",IF(A15<Eingaben!$B$18,P15*Eingaben!$B$9/100,IF(Eingaben!$B$5="Report",P15*Eingaben!$B$30/100,SUMIFS(Intervalle!$K$870:$K$965,Intervalle!$G$870:$G$965,"NT")))*(1+Eingaben!$B$7)) -> 0.002966432 | AA15: =IF($B15<>"OK","",IF(A15<Eingaben!$B$18,Q15*Eingaben!$B$9/100,IF(Eingaben!$B$5="Report",Q15*Eingaben!$B$31/100,SUMIFS(Intervalle!$K$870:$K$965,Intervalle!$G$870:$G$965,"ST")))*(1+Eingaben!$B$7)) -> 0.001565088 | AB15: =IF($B15<>"OK","",IF(A15<Eingaben!$B$18,R15*Eingaben!$B$9/100,IF(Eingaben!$B$5="Report",R15*Eingaben!$B$32/100,SUMIFS(Intervalle!$K$870:$K$965,Intervalle!$G$870:$G$965,"HT")))*(1+Eingaben!$B$7)) -> 0.003004512 | AC15: =IF($B15<>"OK","",-SUM(Y15:AB15)) -> 0.010670968 | AD15: =IF($B15<>"OK","",SUM(S15:AB15)) -> 0.26129002 | AE15: =IF($B15<>"OK","",IF(Eingaben!$B$5="Report",Reportdaten!L15,"")) -> 0.26 | AF15: =IF($B15<>"OK","",IF(Eingaben!$B$5="Report",AD15-AE15,"")) -> 0.0012900182
A16: 46153 | B16: =IF(Eingaben!$B$27<>"OK","NETZREFERENZ FEHLT",IF(AND(A16<Eingaben!$B$18,NOT(ISNUMBER(Eingaben!$B$9))),"NORMALER NETZPREIS FEHLT",IF(Eingaben!$B$5="Report",IF(Reportdaten!Q16<>"complete","REPORT UNVOLLSTAENDIG",IF(AND(SUM(Reportdaten!I16:K16)>0,NOT(ISNUMBER(Eingaben!$B$13))),"HEAT-PREIS FEHLT","OK")),IF(COUNTIF(Intervalle!J966:J1061,"OK")=96,"OK","INTERVALLE UNVOLLSTAENDIG")))) -> OK | C16: =IF($B16<>"OK","",IF(Eingaben!$B$5="Report",Reportdaten!C16,SUMIFS(Intervalle!$C$966:$C$1061,Intervalle!$F$966:$F$1061,"GO",Intervalle!$G$966:$G$1061,"NT"))) -> 0.064 | D16: =IF($B16<>"OK","",IF(Eingaben!$B$5="Report",Reportdaten!D16,SUMIFS(Intervalle!$C$966:$C$1061,Intervalle!$F$966:$F$1061,"GO",Intervalle!$G$966:$G$1061,"ST"))) -> 0 | E16: =IF($B16<>"OK","",IF(Eingaben!$B$5="Report",Reportdaten!E16,SUMIFS(Intervalle!$C$966:$C$1061,Intervalle!$F$966:$F$1061,"GO",Intervalle!$G$966:$G$1061,"HT"))) -> 0 | F16: =IF($B16<>"OK","",IF(Eingaben!$B$5="Report",Reportdaten!F16,SUMIFS(Intervalle!$C$966:$C$1061,Intervalle!$F$966:$F$1061,"STANDARD",Intervalle!$G$966:$G$1061,"NT"))) -> 0.081 | G16: =IF($B16<>"OK","",IF(Eingaben!$B$5="Report",Reportdaten!G16,SUMIFS(Intervalle!$C$966:$C$1061,Intervalle!$F$966:$F$1061,"STANDARD",Intervalle!$G$966:$G$1061,"ST"))) -> 0.179 | H16: =IF($B16<>"OK","",IF(Eingaben!$B$5="Report",Reportdaten!H16,SUMIFS(Intervalle!$C$966:$C$1061,Intervalle!$F$966:$F$1061,"STANDARD",Intervalle!$G$966:$G$1061,"HT"))) -> 0.096 | I16: =IF($B16<>"OK","",IF(Eingaben!$B$5="Report",Reportdaten!I16,SUMIFS(Intervalle!$C$966:$C$1061,Intervalle!$F$966:$F$1061,"HEAT",Intervalle!$G$966:$G$1061,"NT"))) -> 0 | J16: =IF($B16<>"OK","",IF(Eingaben!$B$5="Report",Reportdaten!J16,SUMIFS(Intervalle!$C$966:$C$1061,Intervalle!$F$966:$F$1061,"HEAT",Intervalle!$G$966:$G$1061,"ST"))) -> 0 | K16: =IF($B16<>"OK","",IF(Eingaben!$B$5="Report",Reportdaten!K16,SUMIFS(Intervalle!$C$966:$C$1061,Intervalle!$F$966:$F$1061,"HEAT",Intervalle!$G$966:$G$1061,"HT"))) -> 0 | L16: =IF($B16<>"OK","",SUM(C16:K16)) -> 0.42 | M16: =IF($B16<>"OK","",SUM(C16:E16)) -> 0.064 | N16: =IF($B16<>"OK","",SUM(F16:H16)) -> 0.356 | O16: =IF($B16<>"OK","",SUM(I16:K16)) -> 0 | P16: =IF($B16<>"OK","",C16+F16+I16) -> 0.145 | Q16: =IF($B16<>"OK","",D16+G16+J16) -> 0.179 | R16: =IF($B16<>"OK","",E16+H16+K16) -> 0.096 | S16: =IF($B16<>"OK","",M16*Eingaben!$B$11/100) -> 0.009641856 | T16: =IF($B16<>"OK","",N16*Eingaben!$B$12/100) -> 0.10065686 | U16: =IF($B16<>"OK","",IF(O16=0,0,O16*Eingaben!$B$13/100)) -> 0 | V16: =IF($B16<>"OK","",IF(Eingaben!$B$15="Zeitanteilig",Eingaben!$B$14*12/365,Eingaben!$B$14/Eingaben!$B$25)) -> 0.58352384 | W16: =IF($B16<>"OK","",L16*(IF(A16<Eingaben!$B$18,Eingaben!$B$9,Eingaben!$B$10)-Eingaben!$B$8)*(1+Eingaben!$B$7)/100) -> 0 | X16: =IF($B16<>"OK","",IF(A16>=Eingaben!$B$17,-Eingaben!$B$16*(1+Eingaben!$B$7)/Eingaben!$B$26,0)) -> -0.35318548 | Y16: =IF($B16<>"OK","",-L16*IF(A16<Eingaben!$B$18,Eingaben!$B$9,Eingaben!$B$10)*(1+Eingaben!$B$7)/100) -> -0.0382347 | Z16: =IF($B16<>"OK","",IF(A16<Eingaben!$B$18,P16*Eingaben!$B$9/100,IF(Eingaben!$B$5="Report",P16*Eingaben!$B$30/100,SUMIFS(Intervalle!$K$966:$K$1061,Intervalle!$G$966:$G$1061,"NT")))*(1+Eingaben!$B$7)) -> 0.00282982 | AA16: =IF($B16<>"OK","",IF(A16<Eingaben!$B$18,Q16*Eingaben!$B$9/100,IF(Eingaben!$B$5="Report",Q16*Eingaben!$B$31/100,SUMIFS(Intervalle!$K$966:$K$1061,Intervalle!$G$966:$G$1061,"ST")))*(1+Eingaben!$B$7)) -> 0.011672948 | AB16: =IF($B16<>"OK","",IF(A16<Eingaben!$B$18,R16*Eingaben!$B$9/100,IF(Eingaben!$B$5="Report",R16*Eingaben!$B$32/100,SUMIFS(Intervalle!$K$966:$K$1061,Intervalle!$G$966:$G$1061,"HT")))*(1+Eingaben!$B$7)) -> 0.012018048 | AC16: =IF($B16<>"OK","",-SUM(Y16:AB16)) -> 0.011713884 | AD16: =IF($B16<>"OK","",SUM(S16:AB16)) -> 0.32892319 | AE16: =IF($B16<>"OK","",IF(Eingaben!$B$5="Report",Reportdaten!L16,"")) -> 0.33 | AF16: =IF($B16<>"OK","",IF(Eingaben!$B$5="Report",AD16-AE16,"")) -> -0.0010768078
A17: 46154 | B17: =IF(Eingaben!$B$27<>"OK","NETZREFERENZ FEHLT",IF(AND(A17<Eingaben!$B$18,NOT(ISNUMBER(Eingaben!$B$9))),"NORMALER NETZPREIS FEHLT",IF(Eingaben!$B$5="Report",IF(Reportdaten!Q17<>"complete","REPORT UNVOLLSTAENDIG",IF(AND(SUM(Reportdaten!I17:K17)>0,NOT(ISNUMBER(Eingaben!$B$13))),"HEAT-PREIS FEHLT","OK")),IF(COUNTIF(Intervalle!J1062:J1157,"OK")=96,"OK","INTERVALLE UNVOLLSTAENDIG")))) -> OK | C17: =IF($B17<>"OK","",IF(Eingaben!$B$5="Report",Reportdaten!C17,SUMIFS(Intervalle!$C$1062:$C$1157,Intervalle!$F$1062:$F$1157,"GO",Intervalle!$G$1062:$G$1157,"NT"))) -> 0.086 | D17: =IF($B17<>"OK","",IF(Eingaben!$B$5="Report",Reportdaten!D17,SUMIFS(Intervalle!$C$1062:$C$1157,Intervalle!$F$1062:$F$1157,"GO",Intervalle!$G$1062:$G$1157,"ST"))) -> 0 | E17: =IF($B17<>"OK","",IF(Eingaben!$B$5="Report",Reportdaten!E17,SUMIFS(Intervalle!$C$1062:$C$1157,Intervalle!$F$1062:$F$1157,"GO",Intervalle!$G$1062:$G$1157,"HT"))) -> 0 | F17: =IF($B17<>"OK","",IF(Eingaben!$B$5="Report",Reportdaten!F17,SUMIFS(Intervalle!$C$1062:$C$1157,Intervalle!$F$1062:$F$1157,"STANDARD",Intervalle!$G$1062:$G$1157,"NT"))) -> 0.026 | G17: =IF($B17<>"OK","",IF(Eingaben!$B$5="Report",Reportdaten!G17,SUMIFS(Intervalle!$C$1062:$C$1157,Intervalle!$F$1062:$F$1157,"STANDARD",Intervalle!$G$1062:$G$1157,"ST"))) -> 0.164 | H17: =IF($B17<>"OK","",IF(Eingaben!$B$5="Report",Reportdaten!H17,SUMIFS(Intervalle!$C$1062:$C$1157,Intervalle!$F$1062:$F$1157,"STANDARD",Intervalle!$G$1062:$G$1157,"HT"))) -> 0.056 | I17: =IF($B17<>"OK","",IF(Eingaben!$B$5="Report",Reportdaten!I17,SUMIFS(Intervalle!$C$1062:$C$1157,Intervalle!$F$1062:$F$1157,"HEAT",Intervalle!$G$1062:$G$1157,"NT"))) -> 0 | J17: =IF($B17<>"OK","",IF(Eingaben!$B$5="Report",Reportdaten!J17,SUMIFS(Intervalle!$C$1062:$C$1157,Intervalle!$F$1062:$F$1157,"HEAT",Intervalle!$G$1062:$G$1157,"ST"))) -> 0 | K17: =IF($B17<>"OK","",IF(Eingaben!$B$5="Report",Reportdaten!K17,SUMIFS(Intervalle!$C$1062:$C$1157,Intervalle!$F$1062:$F$1157,"HEAT",Intervalle!$G$1062:$G$1157,"HT"))) -> 0 | L17: =IF($B17<>"OK","",SUM(C17:K17)) -> 0.332 | M17: =IF($B17<>"OK","",SUM(C17:E17)) -> 0.086 | N17: =IF($B17<>"OK","",SUM(F17:H17)) -> 0.246 | O17: =IF($B17<>"OK","",SUM(I17:K17)) -> 0 | P17: =IF($B17<>"OK","",C17+F17+I17) -> 0.112 | Q17: =IF($B17<>"OK","",D17+G17+J17) -> 0.164 | R17: =IF($B17<>"OK","",E17+H17+K17) -> 0.056 | S17: =IF($B17<>"OK","",M17*Eingaben!$B$11/100) -> 0.012956244 | T17: =IF($B17<>"OK","",N17*Eingaben!$B$12/100) -> 0.069555024 | U17: =IF($B17<>"OK","",IF(O17=0,0,O17*Eingaben!$B$13/100)) -> 0 | V17: =IF($B17<>"OK","",IF(Eingaben!$B$15="Zeitanteilig",Eingaben!$B$14*12/365,Eingaben!$B$14/Eingaben!$B$25)) -> 0.58352384 | W17: =IF($B17<>"OK","",L17*(IF(A17<Eingaben!$B$18,Eingaben!$B$9,Eingaben!$B$10)-Eingaben!$B$8)*(1+Eingaben!$B$7)/100) -> 0 | X17: =IF($B17<>"OK","",IF(A17>=Eingaben!$B$17,-Eingaben!$B$16*(1+Eingaben!$B$7)/Eingaben!$B$26,0)) -> -0.35318548 | Y17: =IF($B17<>"OK","",-L17*IF(A17<Eingaben!$B$18,Eingaben!$B$9,Eingaben!$B$10)*(1+Eingaben!$B$7)/100) -> -0.03022362 | Z17: =IF($B17<>"OK","",IF(A17<Eingaben!$B$18,P17*Eingaben!$B$9/100,IF(Eingaben!$B$5="Report",P17*Eingaben!$B$30/100,SUMIFS(Intervalle!$K$1062:$K$1157,Intervalle!$G$1062:$G$1157,"NT")))*(1+Eingaben!$B$7)) -> 0.002185792 | AA17: =IF($B17<>"OK","",IF(A17<Eingaben!$B$18,Q17*Eingaben!$B$9/100,IF(Eingaben!$B$5="Report",Q17*Eingaben!$B$31/100,SUMIFS(Intervalle!$K$1062:$K$1157,Intervalle!$G$1062:$G$1157,"ST")))*(1+Eingaben!$B$7)) -> 0.010694768 | AB17: =IF($B17<>"OK","",IF(A17<Eingaben!$B$18,R17*Eingaben!$B$9/100,IF(Eingaben!$B$5="Report",R17*Eingaben!$B$32/100,SUMIFS(Intervalle!$K$1062:$K$1157,Intervalle!$G$1062:$G$1157,"HT")))*(1+Eingaben!$B$7)) -> 0.007010528 | AC17: =IF($B17<>"OK","",-SUM(Y17:AB17)) -> 0.010332532 | AD17: =IF($B17<>"OK","",SUM(S17:AB17)) -> 0.30251709 | AE17: =IF($B17<>"OK","",IF(Eingaben!$B$5="Report",Reportdaten!L17,"")) -> 0.3 | AF17: =IF($B17<>"OK","",IF(Eingaben!$B$5="Report",AD17-AE17,"")) -> 0.0025170922
A18: 46155 | B18: =IF(Eingaben!$B$27<>"OK","NETZREFERENZ FEHLT",IF(AND(A18<Eingaben!$B$18,NOT(ISNUMBER(Eingaben!$B$9))),"NORMALER NETZPREIS FEHLT",IF(Eingaben!$B$5="Report",IF(Reportdaten!Q18<>"complete","REPORT UNVOLLSTAENDIG",IF(AND(SUM(Reportdaten!I18:K18)>0,NOT(ISNUMBER(Eingaben!$B$13))),"HEAT-PREIS FEHLT","OK")),IF(COUNTIF(Intervalle!J1158:J1253,"OK")=96,"OK","INTERVALLE UNVOLLSTAENDIG")))) -> OK | C18: =IF($B18<>"OK","",IF(Eingaben!$B$5="Report",Reportdaten!C18,SUMIFS(Intervalle!$C$1158:$C$1253,Intervalle!$F$1158:$F$1253,"GO",Intervalle!$G$1158:$G$1253,"NT"))) -> 0.07 | D18: =IF($B18<>"OK","",IF(Eingaben!$B$5="Report",Reportdaten!D18,SUMIFS(Intervalle!$C$1158:$C$1253,Intervalle!$F$1158:$F$1253,"GO",Intervalle!$G$1158:$G$1253,"ST"))) -> 0 | E18: =IF($B18<>"OK","",IF(Eingaben!$B$5="Report",Reportdaten!E18,SUMIFS(Intervalle!$C$1158:$C$1253,Intervalle!$F$1158:$F$1253,"GO",Intervalle!$G$1158:$G$1253,"HT"))) -> 0 | F18: =IF($B18<>"OK","",IF(Eingaben!$B$5="Report",Reportdaten!F18,SUMIFS(Intervalle!$C$1158:$C$1253,Intervalle!$F$1158:$F$1253,"STANDARD",Intervalle!$G$1158:$G$1253,"NT"))) -> 0.397 | G18: =IF($B18<>"OK","",IF(Eingaben!$B$5="Report",Reportdaten!G18,SUMIFS(Intervalle!$C$1158:$C$1253,Intervalle!$F$1158:$F$1253,"STANDARD",Intervalle!$G$1158:$G$1253,"ST"))) -> 0.137 | H18: =IF($B18<>"OK","",IF(Eingaben!$B$5="Report",Reportdaten!H18,SUMIFS(Intervalle!$C$1158:$C$1253,Intervalle!$F$1158:$F$1253,"STANDARD",Intervalle!$G$1158:$G$1253,"HT"))) -> 0.028 | I18: =IF($B18<>"OK","",IF(Eingaben!$B$5="Report",Reportdaten!I18,SUMIFS(Intervalle!$C$1158:$C$1253,Intervalle!$F$1158:$F$1253,"HEAT",Intervalle!$G$1158:$G$1253,"NT"))) -> 0 | J18: =IF($B18<>"OK","",IF(Eingaben!$B$5="Report",Reportdaten!J18,SUMIFS(Intervalle!$C$1158:$C$1253,Intervalle!$F$1158:$F$1253,"HEAT",Intervalle!$G$1158:$G$1253,"ST"))) -> 0 | K18: =IF($B18<>"OK","",IF(Eingaben!$B$5="Report",Reportdaten!K18,SUMIFS(Intervalle!$C$1158:$C$1253,Intervalle!$F$1158:$F$1253,"HEAT",Intervalle!$G$1158:$G$1253,"HT"))) -> 0 | L18: =IF($B18<>"OK","",SUM(C18:K18)) -> 0.632 | M18: =IF($B18<>"OK","",SUM(C18:E18)) -> 0.07 | N18: =IF($B18<>"OK","",SUM(F18:H18)) -> 0.562 | O18: =IF($B18<>"OK","",SUM(I18:K18)) -> 0 | P18: =IF($B18<>"OK","",C18+F18+I18) -> 0.467 | Q18: =IF($B18<>"OK","",D18+G18+J18) -> 0.137 | R18: =IF($B18<>"OK","",E18+H18+K18) -> 0.028 | S18: =IF($B18<>"OK","",M18*Eingaben!$B$11/100) -> 0.01054578 | T18: =IF($B18<>"OK","",N18*Eingaben!$B$12/100) -> 0.15890213 | U18: =IF($B18<>"OK","",IF(O18=0,0,O18*Eingaben!$B$13/100)) -> 0 | V18: =IF($B18<>"OK","",IF(Eingaben!$B$15="Zeitanteilig",Eingaben!$B$14*12/365,Eingaben!$B$14/Eingaben!$B$25)) -> 0.58352384 | W18: =IF($B18<>"OK","",L18*(IF(A18<Eingaben!$B$18,Eingaben!$B$9,Eingaben!$B$10)-Eingaben!$B$8)*(1+Eingaben!$B$7)/100) -> 0 | X18: =IF($B18<>"OK","",IF(A18>=Eingaben!$B$17,-Eingaben!$B$16*(1+Eingaben!$B$7)/Eingaben!$B$26,0)) -> -0.35318548 | Y18: =IF($B18<>"OK","",-L18*IF(A18<Eingaben!$B$18,Eingaben!$B$9,Eingaben!$B$10)*(1+Eingaben!$B$7)/100) -> -0.05753412 | Z18: =IF($B18<>"OK","",IF(A18<Eingaben!$B$18,P18*Eingaben!$B$9/100,IF(Eingaben!$B$5="Report",P18*Eingaben!$B$30/100,SUMIFS(Intervalle!$K$1158:$K$1253,Intervalle!$G$1158:$G$1253,"NT")))*(1+Eingaben!$B$7)) -> 0.009113972 | AA18: =IF($B18<>"OK","",IF(A18<Eingaben!$B$18,Q18*Eingaben!$B$9/100,IF(Eingaben!$B$5="Report",Q18*Eingaben!$B$31/100,SUMIFS(Intervalle!$K$1158:$K$1253,Intervalle!$G$1158:$G$1253,"ST")))*(1+Eingaben!$B$7)) -> 0.008934044 | AB18: =IF($B18<>"OK","",IF(A18<Eingaben!$B$18,R18*Eingaben!$B$9/100,IF(Eingaben!$B$5="Report",R18*Eingaben!$B$32/100,SUMIFS(Intervalle!$K$1158:$K$1253,Intervalle!$G$1158:$G$1253,"HT")))*(1+Eingaben!$B$7)) -> 0.003505264 | AC18: =IF($B18<>"OK","",-SUM(Y18:AB18)) -> 0.03598084 | AD18: =IF($B18<>"OK","",SUM(S18:AB18)) -> 0.36380542 | AE18: =IF($B18<>"OK","",IF(Eingaben!$B$5="Report",Reportdaten!L18,"")) -> 0.36 | AF18: =IF($B18<>"OK","",IF(Eingaben!$B$5="Report",AD18-AE18,"")) -> 0.0038054242
A19: 46156 | B19: =IF(Eingaben!$B$27<>"OK","NETZREFERENZ FEHLT",IF(AND(A19<Eingaben!$B$18,NOT(ISNUMBER(Eingaben!$B$9))),"NORMALER NETZPREIS FEHLT",IF(Eingaben!$B$5="Report",IF(Reportdaten!Q19<>"complete","REPORT UNVOLLSTAENDIG",IF(AND(SUM(Reportdaten!I19:K19)>0,NOT(ISNUMBER(Eingaben!$B$13))),"HEAT-PREIS FEHLT","OK")),IF(COUNTIF(Intervalle!J1254:J1349,"OK")=96,"OK","INTERVALLE UNVOLLSTAENDIG")))) -> OK | C19: =IF($B19<>"OK","",IF(Eingaben!$B$5="Report",Reportdaten!C19,SUMIFS(Intervalle!$C$1254:$C$1349,Intervalle!$F$1254:$F$1349,"GO",Intervalle!$G$1254:$G$1349,"NT"))) -> 0.086 | D19: =IF($B19<>"OK","",IF(Eingaben!$B$5="Report",Reportdaten!D19,SUMIFS(Intervalle!$C$1254:$C$1349,Intervalle!$F$1254:$F$1349,"GO",Intervalle!$G$1254:$G$1349,"ST"))) -> 0 | E19: =IF($B19<>"OK","",IF(Eingaben!$B$5="Report",Reportdaten!E19,SUMIFS(Intervalle!$C$1254:$C$1349,Intervalle!$F$1254:$F$1349,"GO",Intervalle!$G$1254:$G$1349,"HT"))) -> 0 | F19: =IF($B19<>"OK","",IF(Eingaben!$B$5="Report",Reportdaten!F19,SUMIFS(Intervalle!$C$1254:$C$1349,Intervalle!$F$1254:$F$1349,"STANDARD",Intervalle!$G$1254:$G$1349,"NT"))) -> 0.17 | G19: =IF($B19<>"OK","",IF(Eingaben!$B$5="Report",Reportdaten!G19,SUMIFS(Intervalle!$C$1254:$C$1349,Intervalle!$F$1254:$F$1349,"STANDARD",Intervalle!$G$1254:$G$1349,"ST"))) -> 0.511 | H19: =IF($B19<>"OK","",IF(Eingaben!$B$5="Report",Reportdaten!H19,SUMIFS(Intervalle!$C$1254:$C$1349,Intervalle!$F$1254:$F$1349,"STANDARD",Intervalle!$G$1254:$G$1349,"HT"))) -> 0.039 | I19: =IF($B19<>"OK","",IF(Eingaben!$B$5="Report",Reportdaten!I19,SUMIFS(Intervalle!$C$1254:$C$1349,Intervalle!$F$1254:$F$1349,"HEAT",Intervalle!$G$1254:$G$1349,"NT"))) -> 0 | J19: =IF($B19<>"OK","",IF(Eingaben!$B$5="Report",Reportdaten!J19,SUMIFS(Intervalle!$C$1254:$C$1349,Intervalle!$F$1254:$F$1349,"HEAT",Intervalle!$G$1254:$G$1349,"ST"))) -> 0 | K19: =IF($B19<>"OK","",IF(Eingaben!$B$5="Report",Reportdaten!K19,SUMIFS(Intervalle!$C$1254:$C$1349,Intervalle!$F$1254:$F$1349,"HEAT",Intervalle!$G$1254:$G$1349,"HT"))) -> 0 | L19: =IF($B19<>"OK","",SUM(C19:K19)) -> 0.806 | M19: =IF($B19<>"OK","",SUM(C19:E19)) -> 0.086 | N19: =IF($B19<>"OK","",SUM(F19:H19)) -> 0.72 | O19: =IF($B19<>"OK","",SUM(I19:K19)) -> 0 | P19: =IF($B19<>"OK","",C19+F19+I19) -> 0.256 | Q19: =IF($B19<>"OK","",D19+G19+J19) -> 0.511 | R19: =IF($B19<>"OK","",E19+H19+K19) -> 0.039 | S19: =IF($B19<>"OK","",M19*Eingaben!$B$11/100) -> 0.012956244 | T19: =IF($B19<>"OK","",N19*Eingaben!$B$12/100) -> 0.20357568 | U19: =IF($B19<>"OK","",IF(O19=0,0,O19*Eingaben!$B$13/100)) -> 0 | V19: =IF($B19<>"OK","",IF(Eingaben!$B$15="Zeitanteilig",Eingaben!$B$14*12/365,Eingaben!$B$14/Eingaben!$B$25)) -> 0.58352384 | W19: =IF($B19<>"OK","",L19*(IF(A19<Eingaben!$B$18,Eingaben!$B$9,Eingaben!$B$10)-Eingaben!$B$8)*(1+Eingaben!$B$7)/100) -> 0 | X19: =IF($B19<>"OK","",IF(A19>=Eingaben!$B$17,-Eingaben!$B$16*(1+Eingaben!$B$7)/Eingaben!$B$26,0)) -> -0.35318548 | Y19: =IF($B19<>"OK","",-L19*IF(A19<Eingaben!$B$18,Eingaben!$B$9,Eingaben!$B$10)*(1+Eingaben!$B$7)/100) -> -0.07337421 | Z19: =IF($B19<>"OK","",IF(A19<Eingaben!$B$18,P19*Eingaben!$B$9/100,IF(Eingaben!$B$5="Report",P19*Eingaben!$B$30/100,SUMIFS(Intervalle!$K$1254:$K$1349,Intervalle!$G$1254:$G$1349,"NT")))*(1+Eingaben!$B$7)) -> 0.004996096 | AA19: =IF($B19<>"OK","",IF(A19<Eingaben!$B$18,Q19*Eingaben!$B$9/100,IF(Eingaben!$B$5="Report",Q19*Eingaben!$B$31/100,SUMIFS(Intervalle!$K$1254:$K$1349,Intervalle!$G$1254:$G$1349,"ST")))*(1+Eingaben!$B$7)) -> 0.033323332 | AB19: =IF($B19<>"OK","",IF(A19<Eingaben!$B$18,R19*Eingaben!$B$9/100,IF(Eingaben!$B$5="Report",R19*Eingaben!$B$32/100,SUMIFS(Intervalle!$K$1254:$K$1349,Intervalle!$G$1254:$G$1349,"HT")))*(1+Eingaben!$B$7)) -> 0.004882332 | AC19: =IF($B19<>"OK","",-SUM(Y19:AB19)) -> 0.03017245 | AD19: =IF($B19<>"OK","",SUM(S19:AB19)) -> 0.41669783 | AE19: =IF($B19<>"OK","",IF(Eingaben!$B$5="Report",Reportdaten!L19,"")) -> 0.42 | AF19: =IF($B19<>"OK","",IF(Eingaben!$B$5="Report",AD19-AE19,"")) -> -0.0033021698
A20: 46157 | B20: =IF(Eingaben!$B$27<>"OK","NETZREFERENZ FEHLT",IF(AND(A20<Eingaben!$B$18,NOT(ISNUMBER(Eingaben!$B$9))),"NORMALER NETZPREIS FEHLT",IF(Eingaben!$B$5="Report",IF(Reportdaten!Q20<>"complete","REPORT UNVOLLSTAENDIG",IF(AND(SUM(Reportdaten!I20:K20)>0,NOT(ISNUMBER(Eingaben!$B$13))),"HEAT-PREIS FEHLT","OK")),IF(COUNTIF(Intervalle!J1350:J1445,"OK")=96,"OK","INTERVALLE UNVOLLSTAENDIG")))) -> OK | C20: =IF($B20<>"OK","",IF(Eingaben!$B$5="Report",Reportdaten!C20,SUMIFS(Intervalle!$C$1350:$C$1445,Intervalle!$F$1350:$F$1445,"GO",Intervalle!$G$1350:$G$1445,"NT"))) -> 0.058 | D20: =IF($B20<>"OK","",IF(Eingaben!$B$5="Report",Reportdaten!D20,SUMIFS(Intervalle!$C$1350:$C$1445,Intervalle!$F$1350:$F$1445,"GO",Intervalle!$G$1350:$G$1445,"ST"))) -> 0 | E20: =IF($B20<>"OK","",IF(Eingaben!$B$5="Report",Reportdaten!E20,SUMIFS(Intervalle!$C$1350:$C$1445,Intervalle!$F$1350:$F$1445,"GO",Intervalle!$G$1350:$G$1445,"HT"))) -> 0 | F20: =IF($B20<>"OK","",IF(Eingaben!$B$5="Report",Reportdaten!F20,SUMIFS(Intervalle!$C$1350:$C$1445,Intervalle!$F$1350:$F$1445,"STANDARD",Intervalle!$G$1350:$G$1445,"NT"))) -> 0.058 | G20: =IF($B20<>"OK","",IF(Eingaben!$B$5="Report",Reportdaten!G20,SUMIFS(Intervalle!$C$1350:$C$1445,Intervalle!$F$1350:$F$1445,"STANDARD",Intervalle!$G$1350:$G$1445,"ST"))) -> 0.124 | H20: =IF($B20<>"OK","",IF(Eingaben!$B$5="Report",Reportdaten!H20,SUMIFS(Intervalle!$C$1350:$C$1445,Intervalle!$F$1350:$F$1445,"STANDARD",Intervalle!$G$1350:$G$1445,"HT"))) -> 0.195 | I20: =IF($B20<>"OK","",IF(Eingaben!$B$5="Report",Reportdaten!I20,SUMIFS(Intervalle!$C$1350:$C$1445,Intervalle!$F$1350:$F$1445,"HEAT",Intervalle!$G$1350:$G$1445,"NT"))) -> 0 | J20: =IF($B20<>"OK","",IF(Eingaben!$B$5="Report",Reportdaten!J20,SUMIFS(Intervalle!$C$1350:$C$1445,Intervalle!$F$1350:$F$1445,"HEAT",Intervalle!$G$1350:$G$1445,"ST"))) -> 0 | K20: =IF($B20<>"OK","",IF(Eingaben!$B$5="Report",Reportdaten!K20,SUMIFS(Intervalle!$C$1350:$C$1445,Intervalle!$F$1350:$F$1445,"HEAT",Intervalle!$G$1350:$G$1445,"HT"))) -> 0 | L20: =IF($B20<>"OK","",SUM(C20:K20)) -> 0.435 | M20: =IF($B20<>"OK","",SUM(C20:E20)) -> 0.058 | N20: =IF($B20<>"OK","",SUM(F20:H20)) -> 0.377 | O20: =IF($B20<>"OK","",SUM(I20:K20)) -> 0 | P20: =IF($B20<>"OK","",C20+F20+I20) -> 0.116 | Q20: =IF($B20<>"OK","",D20+G20+J20) -> 0.124 | R20: =IF($B20<>"OK","",E20+H20+K20) -> 0.195 | S20: =IF($B20<>"OK","",M20*Eingaben!$B$11/100) -> 0.008737932 | T20: =IF($B20<>"OK","",N20*Eingaben!$B$12/100) -> 0.10659449 | U20: =IF($B20<>"OK","",IF(O20=0,0,O20*Eingaben!$B$13/100)) -> 0 | V20: =IF($B20<>"OK","",IF(Eingaben!$B$15="Zeitanteilig",Eingaben!$B$14*12/365,Eingaben!$B$14/Eingaben!$B$25)) -> 0.58352384 | W20: =IF($B20<>"OK","",L20*(IF(A20<Eingaben!$B$18,Eingaben!$B$9,Eingaben!$B$10)-Eingaben!$B$8)*(1+Eingaben!$B$7)/100) -> 0 | X20: =IF($B20<>"OK","",IF(A20>=Eingaben!$B$17,-Eingaben!$B$16*(1+Eingaben!$B$7)/Eingaben!$B$26,0)) -> -0.35318548 | Y20: =IF($B20<>"OK","",-L20*IF(A20<Eingaben!$B$18,Eingaben!$B$9,Eingaben!$B$10)*(1+Eingaben!$B$7)/100) -> -0.039600225 | Z20: =IF($B20<>"OK","",IF(A20<Eingaben!$B$18,P20*Eingaben!$B$9/100,IF(Eingaben!$B$5="Report",P20*Eingaben!$B$30/100,SUMIFS(Intervalle!$K$1350:$K$1445,Intervalle!$G$1350:$G$1445,"NT")))*(1+Eingaben!$B$7)) -> 0.002263856 | AA20: =IF($B20<>"OK","",IF(A20<Eingaben!$B$18,Q20*Eingaben!$B$9/100,IF(Eingaben!$B$5="Report",Q20*Eingaben!$B$31/100,SUMIFS(Intervalle!$K$1350:$K$1445,Intervalle!$G$1350:$G$1445,"ST")))*(1+Eingaben!$B$7)) -> 0.008086288 | AB20: =IF($B20<>"OK","",IF(A20<Eingaben!$B$18,R20*Eingaben!$B$9/100,IF(Eingaben!$B$5="Report",R20*Eingaben!$B$32/100,SUMIFS(Intervalle!$K$1350:$K$1445,Intervalle!$G$1350:$G$1445,"HT")))*(1+Eingaben!$B$7)) -> 0.02441166 | AC20: =IF($B20<>"OK","",-SUM(Y20:AB20)) -> 0.004838421 | AD20: =IF($B20<>"OK","",SUM(S20:AB20)) -> 0.34083236 | AE20: =IF($B20<>"OK","",IF(Eingaben!$B$5="Report",Reportdaten!L20,"")) -> 0.34 | AF20: =IF($B20<>"OK","",IF(Eingaben!$B$5="Report",AD20-AE20,"")) -> 0.00083235516
A21: 46158 | B21: =IF(Eingaben!$B$27<>"OK","NETZREFERENZ FEHLT",IF(AND(A21<Eingaben!$B$18,NOT(ISNUMBER(Eingaben!$B$9))),"NORMALER NETZPREIS FEHLT",IF(Eingaben!$B$5="Report",IF(Reportdaten!Q21<>"complete","REPORT UNVOLLSTAENDIG",IF(AND(SUM(Reportdaten!I21:K21)>0,NOT(ISNUMBER(Eingaben!$B$13))),"HEAT-PREIS FEHLT","OK")),IF(COUNTIF(Intervalle!J1446:J1541,"OK")=96,"OK","INTERVALLE UNVOLLSTAENDIG")))) -> OK | C21: =IF($B21<>"OK","",IF(Eingaben!$B$5="Report",Reportdaten!C21,SUMIFS(Intervalle!$C$1446:$C$1541,Intervalle!$F$1446:$F$1541,"GO",Intervalle!$G$1446:$G$1541,"NT"))) -> 0.059 | D21: =IF($B21<>"OK","",IF(Eingaben!$B$5="Report",Reportdaten!D21,SUMIFS(Intervalle!$C$1446:$C$1541,Intervalle!$F$1446:$F$1541,"GO",Intervalle!$G$1446:$G$1541,"ST"))) -> 0 | E21: =IF($B21<>"OK","",IF(Eingaben!$B$5="Report",Reportdaten!E21,SUMIFS(Intervalle!$C$1446:$C$1541,Intervalle!$F$1446:$F$1541,"GO",Intervalle!$G$1446:$G$1541,"HT"))) -> 0 | F21: =IF($B21<>"OK","",IF(Eingaben!$B$5="Report",Reportdaten!F21,SUMIFS(Intervalle!$C$1446:$C$1541,Intervalle!$F$1446:$F$1541,"STANDARD",Intervalle!$G$1446:$G$1541,"NT"))) -> 0.093 | G21: =IF($B21<>"OK","",IF(Eingaben!$B$5="Report",Reportdaten!G21,SUMIFS(Intervalle!$C$1446:$C$1541,Intervalle!$F$1446:$F$1541,"STANDARD",Intervalle!$G$1446:$G$1541,"ST"))) -> 0.874 | H21: =IF($B21<>"OK","",IF(Eingaben!$B$5="Report",Reportdaten!H21,SUMIFS(Intervalle!$C$1446:$C$1541,Intervalle!$F$1446:$F$1541,"STANDARD",Intervalle!$G$1446:$G$1541,"HT"))) -> 0.304 | I21: =IF($B21<>"OK","",IF(Eingaben!$B$5="Report",Reportdaten!I21,SUMIFS(Intervalle!$C$1446:$C$1541,Intervalle!$F$1446:$F$1541,"HEAT",Intervalle!$G$1446:$G$1541,"NT"))) -> 0 | J21: =IF($B21<>"OK","",IF(Eingaben!$B$5="Report",Reportdaten!J21,SUMIFS(Intervalle!$C$1446:$C$1541,Intervalle!$F$1446:$F$1541,"HEAT",Intervalle!$G$1446:$G$1541,"ST"))) -> 0 | K21: =IF($B21<>"OK","",IF(Eingaben!$B$5="Report",Reportdaten!K21,SUMIFS(Intervalle!$C$1446:$C$1541,Intervalle!$F$1446:$F$1541,"HEAT",Intervalle!$G$1446:$G$1541,"HT"))) -> 0 | L21: =IF($B21<>"OK","",SUM(C21:K21)) -> 1.33 | M21: =IF($B21<>"OK","",SUM(C21:E21)) -> 0.059 | N21: =IF($B21<>"OK","",SUM(F21:H21)) -> 1.271 | O21: =IF($B21<>"OK","",SUM(I21:K21)) -> 0 | P21: =IF($B21<>"OK","",C21+F21+I21) -> 0.152 | Q21: =IF($B21<>"OK","",D21+G21+J21) -> 0.874 | R21: =IF($B21<>"OK","",E21+H21+K21) -> 0.304 | S21: =IF($B21<>"OK","",M21*Eingaben!$B$11/100) -> 0.008888586 | T21: =IF($B21<>"OK","",N21*Eingaben!$B$12/100) -> 0.35936762 | U21: =IF($B21<>"OK","",IF(O21=0,0,O21*Eingaben!$B$13/100)) -> 0 | V21: =IF($B21<>"OK","",IF(Eingaben!$B$15="Zeitanteilig",Eingaben!$B$14*12/365,Eingaben!$B$14/Eingaben!$B$25)) -> 0.58352384 | W21: =IF($B21<>"OK","",L21*(IF(A21<Eingaben!$B$18,Eingaben!$B$9,Eingaben!$B$10)-Eingaben!$B$8)*(1+Eingaben!$B$7)/100) -> 0 | X21: =IF($B21<>"OK","",IF(A21>=Eingaben!$B$17,-Eingaben!$B$16*(1+Eingaben!$B$7)/Eingaben!$B$26,0)) -> -0.35318548 | Y21: =IF($B21<>"OK","",-L21*IF(A21<Eingaben!$B$18,Eingaben!$B$9,Eingaben!$B$10)*(1+Eingaben!$B$7)/100) -> -0.12107655 | Z21: =IF($B21<>"OK","",IF(A21<Eingaben!$B$18,P21*Eingaben!$B$9/100,IF(Eingaben!$B$5="Report",P21*Eingaben!$B$30/100,SUMIFS(Intervalle!$K$1446:$K$1541,Intervalle!$G$1446:$G$1541,"NT")))*(1+Eingaben!$B$7)) -> 0.002966432 | AA21: =IF($B21<>"OK","",IF(A21<Eingaben!$B$18,Q21*Eingaben!$B$9/100,IF(Eingaben!$B$5="Report",Q21*Eingaben!$B$31/100,SUMIFS(Intervalle!$K$1446:$K$1541,Intervalle!$G$1446:$G$1541,"ST")))*(1+Eingaben!$B$7)) -> 0.056995288 | AB21: =IF($B21<>"OK","",IF(A21<Eingaben!$B$18,R21*Eingaben!$B$9/100,IF(Eingaben!$B$5="Report",R21*Eingaben!$B$32/100,SUMIFS(Intervalle!$K$1446:$K$1541,Intervalle!$G$1446:$G$1541,"HT")))*(1+Eingaben!$B$7)) -> 0.038057152 | AC21: =IF($B21<>"OK","",-SUM(Y21:AB21)) -> 0.023057678 | AD21: =IF($B21<>"OK","",SUM(S21:AB21)) -> 0.57553689 | AE21: =IF($B21<>"OK","",IF(Eingaben!$B$5="Report",Reportdaten!L21,"")) -> 0.58 | AF21: =IF($B21<>"OK","",IF(Eingaben!$B$5="Report",AD21-AE21,"")) -> -0.0044631118
A22: 46159 | B22: =IF(Eingaben!$B$27<>"OK","NETZREFERENZ FEHLT",IF(AND(A22<Eingaben!$B$18,NOT(ISNUMBER(Eingaben!$B$9))),"NORMALER NETZPREIS FEHLT",IF(Eingaben!$B$5="Report",IF(Reportdaten!Q22<>"complete","REPORT UNVOLLSTAENDIG",IF(AND(SUM(Reportdaten!I22:K22)>0,NOT(ISNUMBER(Eingaben!$B$13))),"HEAT-PREIS FEHLT","OK")),IF(COUNTIF(Intervalle!J1542:J1637,"OK")=96,"OK","INTERVALLE UNVOLLSTAENDIG")))) -> OK | C22: =IF($B22<>"OK","",IF(Eingaben!$B$5="Report",Reportdaten!C22,SUMIFS(Intervalle!$C$1542:$C$1637,Intervalle!$F$1542:$F$1637,"GO",Intervalle!$G$1542:$G$1637,"NT"))) -> 0.052 | D22: =IF($B22<>"OK","",IF(Eingaben!$B$5="Report",Reportdaten!D22,SUMIFS(Intervalle!$C$1542:$C$1637,Intervalle!$F$1542:$F$1637,"GO",Intervalle!$G$1542:$G$1637,"ST"))) -> 0 | E22: =IF($B22<>"OK","",IF(Eingaben!$B$5="Report",Reportdaten!E22,SUMIFS(Intervalle!$C$1542:$C$1637,Intervalle!$F$1542:$F$1637,"GO",Intervalle!$G$1542:$G$1637,"HT"))) -> 0 | F22: =IF($B22<>"OK","",IF(Eingaben!$B$5="Report",Reportdaten!F22,SUMIFS(Intervalle!$C$1542:$C$1637,Intervalle!$F$1542:$F$1637,"STANDARD",Intervalle!$G$1542:$G$1637,"NT"))) -> 0.021 | G22: =IF($B22<>"OK","",IF(Eingaben!$B$5="Report",Reportdaten!G22,SUMIFS(Intervalle!$C$1542:$C$1637,Intervalle!$F$1542:$F$1637,"STANDARD",Intervalle!$G$1542:$G$1637,"ST"))) -> 0.057 | H22: =IF($B22<>"OK","",IF(Eingaben!$B$5="Report",Reportdaten!H22,SUMIFS(Intervalle!$C$1542:$C$1637,Intervalle!$F$1542:$F$1637,"STANDARD",Intervalle!$G$1542:$G$1637,"HT"))) -> 0.078 | I22: =IF($B22<>"OK","",IF(Eingaben!$B$5="Report",Reportdaten!I22,SUMIFS(Intervalle!$C$1542:$C$1637,Intervalle!$F$1542:$F$1637,"HEAT",Intervalle!$G$1542:$G$1637,"NT"))) -> 0 | J22: =IF($B22<>"OK","",IF(Eingaben!$B$5="Report",Reportdaten!J22,SUMIFS(Intervalle!$C$1542:$C$1637,Intervalle!$F$1542:$F$1637,"HEAT",Intervalle!$G$1542:$G$1637,"ST"))) -> 0 | K22: =IF($B22<>"OK","",IF(Eingaben!$B$5="Report",Reportdaten!K22,SUMIFS(Intervalle!$C$1542:$C$1637,Intervalle!$F$1542:$F$1637,"HEAT",Intervalle!$G$1542:$G$1637,"HT"))) -> 0 | L22: =IF($B22<>"OK","",SUM(C22:K22)) -> 0.208 | M22: =IF($B22<>"OK","",SUM(C22:E22)) -> 0.052 | N22: =IF($B22<>"OK","",SUM(F22:H22)) -> 0.156 | O22: =IF($B22<>"OK","",SUM(I22:K22)) -> 0 | P22: =IF($B22<>"OK","",C22+F22+I22) -> 0.073 | Q22: =IF($B22<>"OK","",D22+G22+J22) -> 0.057 | R22: =IF($B22<>"OK","",E22+H22+K22) -> 0.078 | S22: =IF($B22<>"OK","",M22*Eingaben!$B$11/100) -> 0.007834008 | T22: =IF($B22<>"OK","",N22*Eingaben!$B$12/100) -> 0.044108064 | U22: =IF($B22<>"OK","",IF(O22=0,0,O22*Eingaben!$B$13/100)) -> 0 | V22: =IF($B22<>"OK","",IF(Eingaben!$B$15="Zeitanteilig",Eingaben!$B$14*12/365,Eingaben!$B$14/Eingaben!$B$25)) -> 0.58352384 | W22: =IF($B22<>"OK","",L22*(IF(A22<Eingaben!$B$18,Eingaben!$B$9,Eingaben!$B$10)-Eingaben!$B$8)*(1+Eingaben!$B$7)/100) -> 0 | X22: =IF($B22<>"OK","",IF(A22>=Eingaben!$B$17,-Eingaben!$B$16*(1+Eingaben!$B$7)/Eingaben!$B$26,0)) -> -0.35318548 | Y22: =IF($B22<>"OK","",-L22*IF(A22<Eingaben!$B$18,Eingaben!$B$9,Eingaben!$B$10)*(1+Eingaben!$B$7)/100) -> -0.01893528 | Z22: =IF($B22<>"OK","",IF(A22<Eingaben!$B$18,P22*Eingaben!$B$9/100,IF(Eingaben!$B$5="Report",P22*Eingaben!$B$30/100,SUMIFS(Intervalle!$K$1542:$K$1637,Intervalle!$G$1542:$G$1637,"NT")))*(1+Eingaben!$B$7)) -> 0.001424668 | AA22: =IF($B22<>"OK","",IF(A22<Eingaben!$B$18,Q22*Eingaben!$B$9/100,IF(Eingaben!$B$5="Report",Q22*Eingaben!$B$31/100,SUMIFS(Intervalle!$K$1542:$K$1637,Intervalle!$G$1542:$G$1637,"ST")))*(1+Eingaben!$B$7)) -> 0.003717084 | AB22: =IF($B22<>"OK","",IF(A22<Eingaben!$B$18,R22*Eingaben!$B$9/100,IF(Eingaben!$B$5="Report",R22*Eingaben!$B$32/100,SUMIFS(Intervalle!$K$1542:$K$1637,Intervalle!$G$1542:$G$1637,"HT")))*(1+Eingaben!$B$7)) -> 0.009764664 | AC22: =IF($B22<>"OK","",-SUM(Y22:AB22)) -> 0.004028864 | AD22: =IF($B22<>"OK","",SUM(S22:AB22)) -> 0.27825156 | AE22: =IF($B22<>"OK","",IF(Eingaben!$B$5="Report",Reportdaten!L22,"")) -> 0.28 | AF22: =IF($B22<>"OK","",IF(Eingaben!$B$5="Report",AD22-AE22,"")) -> -0.0017484358
A23: 46160 | B23: =IF(Eingaben!$B$27<>"OK","NETZREFERENZ FEHLT",IF(AND(A23<Eingaben!$B$18,NOT(ISNUMBER(Eingaben!$B$9))),"NORMALER NETZPREIS FEHLT",IF(Eingaben!$B$5="Report",IF(Reportdaten!Q23<>"complete","REPORT UNVOLLSTAENDIG",IF(AND(SUM(Reportdaten!I23:K23)>0,NOT(ISNUMBER(Eingaben!$B$13))),"HEAT-PREIS FEHLT","OK")),IF(COUNTIF(Intervalle!J1638:J1733,"OK")=96,"OK","INTERVALLE UNVOLLSTAENDIG")))) -> OK | C23: =IF($B23<>"OK","",IF(Eingaben!$B$5="Report",Reportdaten!C23,SUMIFS(Intervalle!$C$1638:$C$1733,Intervalle!$F$1638:$F$1733,"GO",Intervalle!$G$1638:$G$1733,"NT"))) -> 0.065 | D23: =IF($B23<>"OK","",IF(Eingaben!$B$5="Report",Reportdaten!D23,SUMIFS(Intervalle!$C$1638:$C$1733,Intervalle!$F$1638:$F$1733,"GO",Intervalle!$G$1638:$G$1733,"ST"))) -> 0 | E23: =IF($B23<>"OK","",IF(Eingaben!$B$5="Report",Reportdaten!E23,SUMIFS(Intervalle!$C$1638:$C$1733,Intervalle!$F$1638:$F$1733,"GO",Intervalle!$G$1638:$G$1733,"HT"))) -> 0 | F23: =IF($B23<>"OK","",IF(Eingaben!$B$5="Report",Reportdaten!F23,SUMIFS(Intervalle!$C$1638:$C$1733,Intervalle!$F$1638:$F$1733,"STANDARD",Intervalle!$G$1638:$G$1733,"NT"))) -> 0.024 | G23: =IF($B23<>"OK","",IF(Eingaben!$B$5="Report",Reportdaten!G23,SUMIFS(Intervalle!$C$1638:$C$1733,Intervalle!$F$1638:$F$1733,"STANDARD",Intervalle!$G$1638:$G$1733,"ST"))) -> 0.089 | H23: =IF($B23<>"OK","",IF(Eingaben!$B$5="Report",Reportdaten!H23,SUMIFS(Intervalle!$C$1638:$C$1733,Intervalle!$F$1638:$F$1733,"STANDARD",Intervalle!$G$1638:$G$1733,"HT"))) -> 0.093 | I23: =IF($B23<>"OK","",IF(Eingaben!$B$5="Report",Reportdaten!I23,SUMIFS(Intervalle!$C$1638:$C$1733,Intervalle!$F$1638:$F$1733,"HEAT",Intervalle!$G$1638:$G$1733,"NT"))) -> 0 | J23: =IF($B23<>"OK","",IF(Eingaben!$B$5="Report",Reportdaten!J23,SUMIFS(Intervalle!$C$1638:$C$1733,Intervalle!$F$1638:$F$1733,"HEAT",Intervalle!$G$1638:$G$1733,"ST"))) -> 0 | K23: =IF($B23<>"OK","",IF(Eingaben!$B$5="Report",Reportdaten!K23,SUMIFS(Intervalle!$C$1638:$C$1733,Intervalle!$F$1638:$F$1733,"HEAT",Intervalle!$G$1638:$G$1733,"HT"))) -> 0 | L23: =IF($B23<>"OK","",SUM(C23:K23)) -> 0.271 | M23: =IF($B23<>"OK","",SUM(C23:E23)) -> 0.065 | N23: =IF($B23<>"OK","",SUM(F23:H23)) -> 0.206 | O23: =IF($B23<>"OK","",SUM(I23:K23)) -> 0 | P23: =IF($B23<>"OK","",C23+F23+I23) -> 0.089 | Q23: =IF($B23<>"OK","",D23+G23+J23) -> 0.089 | R23: =IF($B23<>"OK","",E23+H23+K23) -> 0.093 | S23: =IF($B23<>"OK","",M23*Eingaben!$B$11/100) -> 0.00979251 | T23: =IF($B23<>"OK","",N23*Eingaben!$B$12/100) -> 0.058245264 | U23: =IF($B23<>"OK","",IF(O23=0,0,O23*Eingaben!$B$13/100)) -> 0 | V23: =IF($B23<>"OK","",IF(Eingaben!$B$15="Zeitanteilig",Eingaben!$B$14*12/365,Eingaben!$B$14/Eingaben!$B$25)) -> 0.58352384 | W23: =IF($B23<>"OK","",L23*(IF(A23<Eingaben!$B$18,Eingaben!$B$9,Eingaben!$B$10)-Eingaben!$B$8)*(1+Eingaben!$B$7)/100) -> 0 | X23: =IF($B23<>"OK","",IF(A23>=Eingaben!$B$17,-Eingaben!$B$16*(1+Eingaben!$B$7)/Eingaben!$B$26,0)) -> -0.35318548 | Y23: =IF($B23<>"OK","",-L23*IF(A23<Eingaben!$B$18,Eingaben!$B$9,Eingaben!$B$10)*(1+Eingaben!$B$7)/100) -> -0.024670485 | Z23: =IF($B23<>"OK","",IF(A23<Eingaben!$B$18,P23*Eingaben!$B$9/100,IF(Eingaben!$B$5="Report",P23*Eingaben!$B$30/100,SUMIFS(Intervalle!$K$1638:$K$1733,Intervalle!$G$1638:$G$1733,"NT")))*(1+Eingaben!$B$7)) -> 0.001736924 | AA23: =IF($B23<>"OK","",IF(A23<Eingaben!$B$18,Q23*Eingaben!$B$9/100,IF(Eingaben!$B$5="Report",Q23*Eingaben!$B$31/100,SUMIFS(Intervalle!$K$1638:$K$1733,Intervalle!$G$1638:$G$1733,"ST")))*(1+Eingaben!$B$7)) -> 0.005803868 | AB23: =IF($B23<>"OK","",IF(A23<Eingaben!$B$18,R23*Eingaben!$B$9/100,IF(Eingaben!$B$5="Report",R23*Eingaben!$B$32/100,SUMIFS(Intervalle!$K$1638:$K$1733,Intervalle!$G$1638:$G$1733,"HT")))*(1+Eingaben!$B$7)) -> 0.011642484 | AC23: =IF($B23<>"OK","",-SUM(Y23:AB23)) -> 0.005487209 | AD23: =IF($B23<>"OK","",SUM(S23:AB23)) -> 0.29288892 | AE23: =IF($B23<>"OK","",IF(Eingaben!$B$5="Report",Reportdaten!L23,"")) -> 0.29 | AF23: =IF($B23<>"OK","",IF(Eingaben!$B$5="Report",AD23-AE23,"")) -> 0.0028889212
A24: 46161 | B24: =IF(Eingaben!$B$27<>"OK","NETZREFERENZ FEHLT",IF(AND(A24<Eingaben!$B$18,NOT(ISNUMBER(Eingaben!$B$9))),"NORMALER NETZPREIS FEHLT",IF(Eingaben!$B$5="Report",IF(Reportdaten!Q24<>"complete","REPORT UNVOLLSTAENDIG",IF(AND(SUM(Reportdaten!I24:K24)>0,NOT(ISNUMBER(Eingaben!$B$13))),"HEAT-PREIS FEHLT","OK")),IF(COUNTIF(Intervalle!J1734:J1829,"OK")=96,"OK","INTERVALLE UNVOLLSTAENDIG")))) -> OK | C24: =IF($B24<>"OK","",IF(Eingaben!$B$5="Report",Reportdaten!C24,SUMIFS(Intervalle!$C$1734:$C$1829,Intervalle!$F$1734:$F$1829,"GO",Intervalle!$G$1734:$G$1829,"NT"))) -> 0.048 | D24: =IF($B24<>"OK","",IF(Eingaben!$B$5="Report",Reportdaten!D24,SUMIFS(Intervalle!$C$1734:$C$1829,Intervalle!$F$1734:$F$1829,"GO",Intervalle!$G$1734:$G$1829,"ST"))) -> 0 | E24: =IF($B24<>"OK","",IF(Eingaben!$B$5="Report",Reportdaten!E24,SUMIFS(Intervalle!$C$1734:$C$1829,Intervalle!$F$1734:$F$1829,"GO",Intervalle!$G$1734:$G$1829,"HT"))) -> 0 | F24: =IF($B24<>"OK","",IF(Eingaben!$B$5="Report",Reportdaten!F24,SUMIFS(Intervalle!$C$1734:$C$1829,Intervalle!$F$1734:$F$1829,"STANDARD",Intervalle!$G$1734:$G$1829,"NT"))) -> 0.03 | G24: =IF($B24<>"OK","",IF(Eingaben!$B$5="Report",Reportdaten!G24,SUMIFS(Intervalle!$C$1734:$C$1829,Intervalle!$F$1734:$F$1829,"STANDARD",Intervalle!$G$1734:$G$1829,"ST"))) -> 0.026 | H24: =IF($B24<>"OK","",IF(Eingaben!$B$5="Report",Reportdaten!H24,SUMIFS(Intervalle!$C$1734:$C$1829,Intervalle!$F$1734:$F$1829,"STANDARD",Intervalle!$G$1734:$G$1829,"HT"))) -> 0.096 | I24: =IF($B24<>"OK","",IF(Eingaben!$B$5="Report",Reportdaten!I24,SUMIFS(Intervalle!$C$1734:$C$1829,Intervalle!$F$1734:$F$1829,"HEAT",Intervalle!$G$1734:$G$1829,"NT"))) -> 0 | J24: =IF($B24<>"OK","",IF(Eingaben!$B$5="Report",Reportdaten!J24,SUMIFS(Intervalle!$C$1734:$C$1829,Intervalle!$F$1734:$F$1829,"HEAT",Intervalle!$G$1734:$G$1829,"ST"))) -> 0 | K24: =IF($B24<>"OK","",IF(Eingaben!$B$5="Report",Reportdaten!K24,SUMIFS(Intervalle!$C$1734:$C$1829,Intervalle!$F$1734:$F$1829,"HEAT",Intervalle!$G$1734:$G$1829,"HT"))) -> 0 | L24: =IF($B24<>"OK","",SUM(C24:K24)) -> 0.2 | M24: =IF($B24<>"OK","",SUM(C24:E24)) -> 0.048 | N24: =IF($B24<>"OK","",SUM(F24:H24)) -> 0.152 | O24: =IF($B24<>"OK","",SUM(I24:K24)) -> 0 | P24: =IF($B24<>"OK","",C24+F24+I24) -> 0.078 | Q24: =IF($B24<>"OK","",D24+G24+J24) -> 0.026 | R24: =IF($B24<>"OK","",E24+H24+K24) -> 0.096 | S24: =IF($B24<>"OK","",M24*Eingaben!$B$11/100) -> 0.007231392 | T24: =IF($B24<>"OK","",N24*Eingaben!$B$12/100) -> 0.042977088 | U24: =IF($B24<>"OK","",IF(O24=0,0,O24*Eingaben!$B$13/100)) -> 0 | V24: =IF($B24<>"OK","",IF(Eingaben!$B$15="Zeitanteilig",Eingaben!$B$14*12/365,Eingaben!$B$14/Eingaben!$B$25)) -> 0.58352384 | W24: =IF($B24<>"OK","",L24*(IF(A24<Eingaben!$B$18,Eingaben!$B$9,Eingaben!$B$10)-Eingaben!$B$8)*(1+Eingaben!$B$7)/100) -> 0 | X24: =IF($B24<>"OK","",IF(A24>=Eingaben!$B$17,-Eingaben!$B$16*(1+Eingaben!$B$7)/Eingaben!$B$26,0)) -> -0.35318548 | Y24: =IF($B24<>"OK","",-L24*IF(A24<Eingaben!$B$18,Eingaben!$B$9,Eingaben!$B$10)*(1+Eingaben!$B$7)/100) -> -0.018207 | Z24: =IF($B24<>"OK","",IF(A24<Eingaben!$B$18,P24*Eingaben!$B$9/100,IF(Eingaben!$B$5="Report",P24*Eingaben!$B$30/100,SUMIFS(Intervalle!$K$1734:$K$1829,Intervalle!$G$1734:$G$1829,"NT")))*(1+Eingaben!$B$7)) -> 0.001522248 | AA24: =IF($B24<>"OK","",IF(A24<Eingaben!$B$18,Q24*Eingaben!$B$9/100,IF(Eingaben!$B$5="Report",Q24*Eingaben!$B$31/100,SUMIFS(Intervalle!$K$1734:$K$1829,Intervalle!$G$1734:$G$1829,"ST")))*(1+Eingaben!$B$7)) -> 0.001695512 | AB24: =IF($B24<>"OK","",IF(A24<Eingaben!$B$18,R24*Eingaben!$B$9/100,IF(Eingaben!$B$5="Report",R24*Eingaben!$B$32/100,SUMIFS(Intervalle!$K$1734:$K$1829,Intervalle!$G$1734:$G$1829,"HT")))*(1+Eingaben!$B$7)) -> 0.012018048 | AC24: =IF($B24<>"OK","",-SUM(Y24:AB24)) -> 0.002971192 | AD24: =IF($B24<>"OK","",SUM(S24:AB24)) -> 0.27757564 | AE24: =IF($B24<>"OK","",IF(Eingaben!$B$5="Report",Reportdaten!L24,"")) -> 0.28 | AF24: =IF($B24<>"OK","",IF(Eingaben!$B$5="Report",AD24-AE24,"")) -> -0.0024243558
A25: 46162 | B25: =IF(Eingaben!$B$27<>"OK","NETZREFERENZ FEHLT",IF(AND(A25<Eingaben!$B$18,NOT(ISNUMBER(Eingaben!$B$9))),"NORMALER NETZPREIS FEHLT",IF(Eingaben!$B$5="Report",IF(Reportdaten!Q25<>"complete","REPORT UNVOLLSTAENDIG",IF(AND(SUM(Reportdaten!I25:K25)>0,NOT(ISNUMBER(Eingaben!$B$13))),"HEAT-PREIS FEHLT","OK")),IF(COUNTIF(Intervalle!J1830:J1925,"OK")=96,"OK","INTERVALLE UNVOLLSTAENDIG")))) -> OK | C25: =IF($B25<>"OK","",IF(Eingaben!$B$5="Report",Reportdaten!C25,SUMIFS(Intervalle!$C$1830:$C$1925,Intervalle!$F$1830:$F$1925,"GO",Intervalle!$G$1830:$G$1925,"NT"))) -> 0.051 | D25: =IF($B25<>"OK","",IF(Eingaben!$B$5="Report",Reportdaten!D25,SUMIFS(Intervalle!$C$1830:$C$1925,Intervalle!$F$1830:$F$1925,"GO",Intervalle!$G$1830:$G$1925,"ST"))) -> 0 | E25: =IF($B25<>"OK","",IF(Eingaben!$B$5="Report",Reportdaten!E25,SUMIFS(Intervalle!$C$1830:$C$1925,Intervalle!$F$1830:$F$1925,"GO",Intervalle!$G$1830:$G$1925,"HT"))) -> 0 | F25: =IF($B25<>"OK","",IF(Eingaben!$B$5="Report",Reportdaten!F25,SUMIFS(Intervalle!$C$1830:$C$1925,Intervalle!$F$1830:$F$1925,"STANDARD",Intervalle!$G$1830:$G$1925,"NT"))) -> 0.057 | G25: =IF($B25<>"OK","",IF(Eingaben!$B$5="Report",Reportdaten!G25,SUMIFS(Intervalle!$C$1830:$C$1925,Intervalle!$F$1830:$F$1925,"STANDARD",Intervalle!$G$1830:$G$1925,"ST"))) -> 0.291 | H25: =IF($B25<>"OK","",IF(Eingaben!$B$5="Report",Reportdaten!H25,SUMIFS(Intervalle!$C$1830:$C$1925,Intervalle!$F$1830:$F$1925,"STANDARD",Intervalle!$G$1830:$G$1925,"HT"))) -> 0.036 | I25: =IF($B25<>"OK","",IF(Eingaben!$B$5="Report",Reportdaten!I25,SUMIFS(Intervalle!$C$1830:$C$1925,Intervalle!$F$1830:$F$1925,"HEAT",Intervalle!$G$1830:$G$1925,"NT"))) -> 0 | J25: =IF($B25<>"OK","",IF(Eingaben!$B$5="Report",Reportdaten!J25,SUMIFS(Intervalle!$C$1830:$C$1925,Intervalle!$F$1830:$F$1925,"HEAT",Intervalle!$G$1830:$G$1925,"ST"))) -> 0 | K25: =IF($B25<>"OK","",IF(Eingaben!$B$5="Report",Reportdaten!K25,SUMIFS(Intervalle!$C$1830:$C$1925,Intervalle!$F$1830:$F$1925,"HEAT",Intervalle!$G$1830:$G$1925,"HT"))) -> 0 | L25: =IF($B25<>"OK","",SUM(C25:K25)) -> 0.435 | M25: =IF($B25<>"OK","",SUM(C25:E25)) -> 0.051 | N25: =IF($B25<>"OK","",SUM(F25:H25)) -> 0.384 | O25: =IF($B25<>"OK","",SUM(I25:K25)) -> 0 | P25: =IF($B25<>"OK","",C25+F25+I25) -> 0.108 | Q25: =IF($B25<>"OK","",D25+G25+J25) -> 0.291 | R25: =IF($B25<>"OK","",E25+H25+K25) -> 0.036 | S25: =IF($B25<>"OK","",M25*Eingaben!$B$11/100) -> 0.007683354 | T25: =IF($B25<>"OK","",N25*Eingaben!$B$12/100) -> 0.1085737 | U25: =IF($B25<>"OK","",IF(O25=0,0,O25*Eingaben!$B$13/100)) -> 0 | V25: =IF($B25<>"OK","",IF(Eingaben!$B$15="Zeitanteilig",Eingaben!$B$14*12/365,Eingaben!$B$14/Eingaben!$B$25)) -> 0.58352384 | W25: =IF($B25<>"OK","",L25*(IF(A25<Eingaben!$B$18,Eingaben!$B$9,Eingaben!$B$10)-Eingaben!$B$8)*(1+Eingaben!$B$7)/100) -> 0 | X25: =IF($B25<>"OK","",IF(A25>=Eingaben!$B$17,-Eingaben!$B$16*(1+Eingaben!$B$7)/Eingaben!$B$26,0)) -> -0.35318548 | Y25: =IF($B25<>"OK","",-L25*IF(A25<Eingaben!$B$18,Eingaben!$B$9,Eingaben!$B$10)*(1+Eingaben!$B$7)/100) -> -0.039600225 | Z25: =IF($B25<>"OK","",IF(A25<Eingaben!$B$18,P25*Eingaben!$B$9/100,IF(Eingaben!$B$5="Report",P25*Eingaben!$B$30/100,SUMIFS(Intervalle!$K$1830:$K$1925,Intervalle!$G$1830:$G$1925,"NT")))*(1+Eingaben!$B$7)) -> 0.002107728 | AA25: =IF($B25<>"OK","",IF(A25<Eingaben!$B$18,Q25*Eingaben!$B$9/100,IF(Eingaben!$B$5="Report",Q25*Eingaben!$B$31/100,SUMIFS(Intervalle!$K$1830:$K$1925,Intervalle!$G$1830:$G$1925,"ST")))*(1+Eingaben!$B$7)) -> 0.018976692 | AB25: =IF($B25<>"OK","",IF(A25<Eingaben!$B$18,R25*Eingaben!$B$9/100,IF(Eingaben!$B$5="Report",R25*Eingaben!$B$32/100,SUMIFS(Intervalle!$K$1830:$K$1925,Intervalle!$G$1830:$G$1925,"HT")))*(1+Eingaben!$B$7)) -> 0.004506768 | AC25: =IF($B25<>"OK","",-SUM(Y25:AB25)) -> 0.014009037 | AD25: =IF($B25<>"OK","",SUM(S25:AB25)) -> 0.33258637 | AE25: =IF($B25<>"OK","",IF(Eingaben!$B$5="Report",Reportdaten!L25,"")) -> 0.33 | AF25: =IF($B25<>"OK","",IF(Eingaben!$B$5="Report",AD25-AE25,"")) -> 0.0025863692
A26: 46163 | B26: =IF(Eingaben!$B$27<>"OK","NETZREFERENZ FEHLT",IF(AND(A26<Eingaben!$B$18,NOT(ISNUMBER(Eingaben!$B$9))),"NORMALER NETZPREIS FEHLT",IF(Eingaben!$B$5="Report",IF(Reportdaten!Q26<>"complete","REPORT UNVOLLSTAENDIG",IF(AND(SUM(Reportdaten!I26:K26)>0,NOT(ISNUMBER(Eingaben!$B$13))),"HEAT-PREIS FEHLT","OK")),IF(COUNTIF(Intervalle!J1926:J2021,"OK")=96,"OK","INTERVALLE UNVOLLSTAENDIG")))) -> OK | C26: =IF($B26<>"OK","",IF(Eingaben!$B$5="Report",Reportdaten!C26,SUMIFS(Intervalle!$C$1926:$C$2021,Intervalle!$F$1926:$F$2021,"GO",Intervalle!$G$1926:$G$2021,"NT"))) -> 0.062 | D26: =IF($B26<>"OK","",IF(Eingaben!$B$5="Report",Reportdaten!D26,SUMIFS(Intervalle!$C$1926:$C$2021,Intervalle!$F$1926:$F$2021,"GO",Intervalle!$G$1926:$G$2021,"ST"))) -> 0 | E26: =IF($B26<>"OK","",IF(Eingaben!$B$5="Report",Reportdaten!E26,SUMIFS(Intervalle!$C$1926:$C$2021,Intervalle!$F$1926:$F$2021,"GO",Intervalle!$G$1926:$G$2021,"HT"))) -> 0 | F26: =IF($B26<>"OK","",IF(Eingaben!$B$5="Report",Reportdaten!F26,SUMIFS(Intervalle!$C$1926:$C$2021,Intervalle!$F$1926:$F$2021,"STANDARD",Intervalle!$G$1926:$G$2021,"NT"))) -> 0.04 | G26: =IF($B26<>"OK","",IF(Eingaben!$B$5="Report",Reportdaten!G26,SUMIFS(Intervalle!$C$1926:$C$2021,Intervalle!$F$1926:$F$2021,"STANDARD",Intervalle!$G$1926:$G$2021,"ST"))) -> 0.059 | H26: =IF($B26<>"OK","",IF(Eingaben!$B$5="Report",Reportdaten!H26,SUMIFS(Intervalle!$C$1926:$C$2021,Intervalle!$F$1926:$F$2021,"STANDARD",Intervalle!$G$1926:$G$2021,"HT"))) -> 0.018 | I26: =IF($B26<>"OK","",IF(Eingaben!$B$5="Report",Reportdaten!I26,SUMIFS(Intervalle!$C$1926:$C$2021,Intervalle!$F$1926:$F$2021,"HEAT",Intervalle!$G$1926:$G$2021,"NT"))) -> 0 | J26: =IF($B26<>"OK","",IF(Eingaben!$B$5="Report",Reportdaten!J26,SUMIFS(Intervalle!$C$1926:$C$2021,Intervalle!$F$1926:$F$2021,"HEAT",Intervalle!$G$1926:$G$2021,"ST"))) -> 0 | K26: =IF($B26<>"OK","",IF(Eingaben!$B$5="Report",Reportdaten!K26,SUMIFS(Intervalle!$C$1926:$C$2021,Intervalle!$F$1926:$F$2021,"HEAT",Intervalle!$G$1926:$G$2021,"HT"))) -> 0 | L26: =IF($B26<>"OK","",SUM(C26:K26)) -> 0.179 | M26: =IF($B26<>"OK","",SUM(C26:E26)) -> 0.062 | N26: =IF($B26<>"OK","",SUM(F26:H26)) -> 0.117 | O26: =IF($B26<>"OK","",SUM(I26:K26)) -> 0 | P26: =IF($B26<>"OK","",C26+F26+I26) -> 0.102 | Q26: =IF($B26<>"OK","",D26+G26+J26) -> 0.059 | R26: =IF($B26<>"OK","",E26+H26+K26) -> 0.018 | S26: =IF($B26<>"OK","",M26*Eingaben!$B$11/100) -> 0.009340548 | T26: =IF($B26<>"OK","",N26*Eingaben!$B$12/100) -> 0.033081048 | U26: =IF($B26<>"OK","",IF(O26=0,0,O26*Eingaben!$B$13/100)) -> 0 | V26: =IF($B26<>"OK","",IF(Eingaben!$B$15="Zeitanteilig",Eingaben!$B$14*12/365,Eingaben!$B$14/Eingaben!$B$25)) -> 0.58352384 | W26: =IF($B26<>"OK","",L26*(IF(A26<Eingaben!$B$18,Eingaben!$B$9,Eingaben!$B$10)-Eingaben!$B$8)*(1+Eingaben!$B$7)/100) -> 0 | X26: =IF($B26<>"OK","",IF(A26>=Eingaben!$B$17,-Eingaben!$B$16*(1+Eingaben!$B$7)/Eingaben!$B$26,0)) -> -0.35318548 | Y26: =IF($B26<>"OK","",-L26*IF(A26<Eingaben!$B$18,Eingaben!$B$9,Eingaben!$B$10)*(1+Eingaben!$B$7)/100) -> -0.016295265 | Z26: =IF($B26<>"OK","",IF(A26<Eingaben!$B$18,P26*Eingaben!$B$9/100,IF(Eingaben!$B$5="Report",P26*Eingaben!$B$30/100,SUMIFS(Intervalle!$K$1926:$K$2021,Intervalle!$G$1926:$G$2021,"NT")))*(1+Eingaben!$B$7)) -> 0.001990632 | AA26: =IF($B26<>"OK","",IF(A26<Eingaben!$B$18,Q26*Eingaben!$B$9/100,IF(Eingaben!$B$5="Report",Q26*Eingaben!$B$31/100,SUMIFS(Intervalle!$K$1926:$K$2021,Intervalle!$G$1926:$G$2021,"ST")))*(1+Eingaben!$B$7)) -> 0.003847508 | AB26: =IF($B26<>"OK","",IF(A26<Eingaben!$B$18,R26*Eingaben!$B$9/100,IF(Eingaben!$B$5="Report",R26*Eingaben!$B$32/100,SUMIFS(Intervalle!$K$1926:$K$2021,Intervalle!$G$1926:$G$2021,"HT")))*(1+Eingaben!$B$7)) -> 0.002253384 | AC26: =IF($B26<>"OK","",-SUM(Y26:AB26)) -> 0.008203741 | AD26: =IF($B26<>"OK","",SUM(S26:AB26)) -> 0.26455621 | AE26: =IF($B26<>"OK","",IF(Eingaben!$B$5="Report",Reportdaten!L26,"")) -> 0.26 | AF26: =IF($B26<>"OK","",IF(Eingaben!$B$5="Report",AD26-AE26,"")) -> 0.0045562112
A27: 46164 | B27: =IF(Eingaben!$B$27<>"OK","NETZREFERENZ FEHLT",IF(AND(A27<Eingaben!$B$18,NOT(ISNUMBER(Eingaben!$B$9))),"NORMALER NETZPREIS FEHLT",IF(Eingaben!$B$5="Report",IF(Reportdaten!Q27<>"complete","REPORT UNVOLLSTAENDIG",IF(AND(SUM(Reportdaten!I27:K27)>0,NOT(ISNUMBER(Eingaben!$B$13))),"HEAT-PREIS FEHLT","OK")),IF(COUNTIF(Intervalle!J2022:J2117,"OK")=96,"OK","INTERVALLE UNVOLLSTAENDIG")))) -> OK | C27: =IF($B27<>"OK","",IF(Eingaben!$B$5="Report",Reportdaten!C27,SUMIFS(Intervalle!$C$2022:$C$2117,Intervalle!$F$2022:$F$2117,"GO",Intervalle!$G$2022:$G$2117,"NT"))) -> 0.071 | D27: =IF($B27<>"OK","",IF(Eingaben!$B$5="Report",Reportdaten!D27,SUMIFS(Intervalle!$C$2022:$C$2117,Intervalle!$F$2022:$F$2117,"GO",Intervalle!$G$2022:$G$2117,"ST"))) -> 0 | E27: =IF($B27<>"OK","",IF(Eingaben!$B$5="Report",Reportdaten!E27,SUMIFS(Intervalle!$C$2022:$C$2117,Intervalle!$F$2022:$F$2117,"GO",Intervalle!$G$2022:$G$2117,"HT"))) -> 0 | F27: =IF($B27<>"OK","",IF(Eingaben!$B$5="Report",Reportdaten!F27,SUMIFS(Intervalle!$C$2022:$C$2117,Intervalle!$F$2022:$F$2117,"STANDARD",Intervalle!$G$2022:$G$2117,"NT"))) -> 0.02 | G27: =IF($B27<>"OK","",IF(Eingaben!$B$5="Report",Reportdaten!G27,SUMIFS(Intervalle!$C$2022:$C$2117,Intervalle!$F$2022:$F$2117,"STANDARD",Intervalle!$G$2022:$G$2117,"ST"))) -> 0.161 | H27: =IF($B27<>"OK","",IF(Eingaben!$B$5="Report",Reportdaten!H27,SUMIFS(Intervalle!$C$2022:$C$2117,Intervalle!$F$2022:$F$2117,"STANDARD",Intervalle!$G$2022:$G$2117,"HT"))) -> 0.025 | I27: =IF($B27<>"OK","",IF(Eingaben!$B$5="Report",Reportdaten!I27,SUMIFS(Intervalle!$C$2022:$C$2117,Intervalle!$F$2022:$F$2117,"HEAT",Intervalle!$G$2022:$G$2117,"NT"))) -> 0 | J27: =IF($B27<>"OK","",IF(Eingaben!$B$5="Report",Reportdaten!J27,SUMIFS(Intervalle!$C$2022:$C$2117,Intervalle!$F$2022:$F$2117,"HEAT",Intervalle!$G$2022:$G$2117,"ST"))) -> 0 | K27: =IF($B27<>"OK","",IF(Eingaben!$B$5="Report",Reportdaten!K27,SUMIFS(Intervalle!$C$2022:$C$2117,Intervalle!$F$2022:$F$2117,"HEAT",Intervalle!$G$2022:$G$2117,"HT"))) -> 0 | L27: =IF($B27<>"OK","",SUM(C27:K27)) -> 0.277 | M27: =IF($B27<>"OK","",SUM(C27:E27)) -> 0.071 | N27: =IF($B27<>"OK","",SUM(F27:H27)) -> 0.206 | O27: =IF($B27<>"OK","",SUM(I27:K27)) -> 0 | P27: =IF($B27<>"OK","",C27+F27+I27) -> 0.091 | Q27: =IF($B27<>"OK","",D27+G27+J27) -> 0.161 | R27: =IF($B27<>"OK","",E27+H27+K27) -> 0.025 | S27: =IF($B27<>"OK","",M27*Eingaben!$B$11/100) -> 0.010696434 | T27: =IF($B27<>"OK","",N27*Eingaben!$B$12/100) -> 0.058245264 | U27: =IF($B27<>"OK","",IF(O27=0,0,O27*Eingaben!$B$13/100)) -> 0 | V27: =IF($B27<>"OK","",IF(Eingaben!$B$15="Zeitanteilig",Eingaben!$B$14*12/365,Eingaben!$B$14/Eingaben!$B$25)) -> 0.58352384 | W27: =IF($B27<>"OK","",L27*(IF(A27<Eingaben!$B$18,Eingaben!$B$9,Eingaben!$B$10)-Eingaben!$B$8)*(1+Eingaben!$B$7)/100) -> 0 | X27: =IF($B27<>"OK","",IF(A27>=Eingaben!$B$17,-Eingaben!$B$16*(1+Eingaben!$B$7)/Eingaben!$B$26,0)) -> -0.35318548 | Y27: =IF($B27<>"OK","",-L27*IF(A27<Eingaben!$B$18,Eingaben!$B$9,Eingaben!$B$10)*(1+Eingaben!$B$7)/100) -> -0.025216695 | Z27: =IF($B27<>"OK","",IF(A27<Eingaben!$B$18,P27*Eingaben!$B$9/100,IF(Eingaben!$B$5="Report",P27*Eingaben!$B$30/100,SUMIFS(Intervalle!$K$2022:$K$2117,Intervalle!$G$2022:$G$2117,"NT")))*(1+Eingaben!$B$7)) -> 0.001775956 | AA27: =IF($B27<>"OK","",IF(A27<Eingaben!$B$18,Q27*Eingaben!$B$9/100,IF(Eingaben!$B$5="Report",Q27*Eingaben!$B$31/100,SUMIFS(Intervalle!$K$2022:$K$2117,Intervalle!$G$2022:$G$2117,"ST")))*(1+Eingaben!$B$7)) -> 0.010499132 | AB27: =IF($B27<>"OK","",IF(A27<Eingaben!$B$18,R27*Eingaben!$B$9/100,IF(Eingaben!$B$5="Report",R27*Eingaben!$B$32/100,SUMIFS(Intervalle!$K$2022:$K$2117,Intervalle!$G$2022:$G$2117,"HT")))*(1+Eingaben!$B$7)) -> 0.0031297 | AC27: =IF($B27<>"OK","",-SUM(Y27:AB27)) -> 0.009811907 | AD27: =IF($B27<>"OK","",SUM(S27:AB27)) -> 0.28946815 | AE27: =IF($B27<>"OK","",IF(Eingaben!$B$5="Report",Reportdaten!L27,"")) -> 0.29 | AF27: =IF($B27<>"OK","",IF(Eingaben!$B$5="Report",AD27-AE27,"")) -> -0.00053185284
A28: 46165 | B28: =IF(Eingaben!$B$27<>"OK","NETZREFERENZ FEHLT",IF(AND(A28<Eingaben!$B$18,NOT(ISNUMBER(Eingaben!$B$9))),"NORMALER NETZPREIS FEHLT",IF(Eingaben!$B$5="Report",IF(Reportdaten!Q28<>"complete","REPORT UNVOLLSTAENDIG",IF(AND(SUM(Reportdaten!I28:K28)>0,NOT(ISNUMBER(Eingaben!$B$13))),"HEAT-PREIS FEHLT","OK")),IF(COUNTIF(Intervalle!J2118:J2213,"OK")=96,"OK","INTERVALLE UNVOLLSTAENDIG")))) -> OK | C28: =IF($B28<>"OK","",IF(Eingaben!$B$5="Report",Reportdaten!C28,SUMIFS(Intervalle!$C$2118:$C$2213,Intervalle!$F$2118:$F$2213,"GO",Intervalle!$G$2118:$G$2213,"NT"))) -> 0.053 | D28: =IF($B28<>"OK","",IF(Eingaben!$B$5="Report",Reportdaten!D28,SUMIFS(Intervalle!$C$2118:$C$2213,Intervalle!$F$2118:$F$2213,"GO",Intervalle!$G$2118:$G$2213,"ST"))) -> 0 | E28: =IF($B28<>"OK","",IF(Eingaben!$B$5="Report",Reportdaten!E28,SUMIFS(Intervalle!$C$2118:$C$2213,Intervalle!$F$2118:$F$2213,"GO",Intervalle!$G$2118:$G$2213,"HT"))) -> 0 | F28: =IF($B28<>"OK","",IF(Eingaben!$B$5="Report",Reportdaten!F28,SUMIFS(Intervalle!$C$2118:$C$2213,Intervalle!$F$2118:$F$2213,"STANDARD",Intervalle!$G$2118:$G$2213,"NT"))) -> 0.042 | G28: =IF($B28<>"OK","",IF(Eingaben!$B$5="Report",Reportdaten!G28,SUMIFS(Intervalle!$C$2118:$C$2213,Intervalle!$F$2118:$F$2213,"STANDARD",Intervalle!$G$2118:$G$2213,"ST"))) -> 0.053 | H28: =IF($B28<>"OK","",IF(Eingaben!$B$5="Report",Reportdaten!H28,SUMIFS(Intervalle!$C$2118:$C$2213,Intervalle!$F$2118:$F$2213,"STANDARD",Intervalle!$G$2118:$G$2213,"HT"))) -> 0.084 | I28: =IF($B28<>"OK","",IF(Eingaben!$B$5="Report",Reportdaten!I28,SUMIFS(Intervalle!$C$2118:$C$2213,Intervalle!$F$2118:$F$2213,"HEAT",Intervalle!$G$2118:$G$2213,"NT"))) -> 0 | J28: =IF($B28<>"OK","",IF(Eingaben!$B$5="Report",Reportdaten!J28,SUMIFS(Intervalle!$C$2118:$C$2213,Intervalle!$F$2118:$F$2213,"HEAT",Intervalle!$G$2118:$G$2213,"ST"))) -> 0 | K28: =IF($B28<>"OK","",IF(Eingaben!$B$5="Report",Reportdaten!K28,SUMIFS(Intervalle!$C$2118:$C$2213,Intervalle!$F$2118:$F$2213,"HEAT",Intervalle!$G$2118:$G$2213,"HT"))) -> 0 | L28: =IF($B28<>"OK","",SUM(C28:K28)) -> 0.232 | M28: =IF($B28<>"OK","",SUM(C28:E28)) -> 0.053 | N28: =IF($B28<>"OK","",SUM(F28:H28)) -> 0.179 | O28: =IF($B28<>"OK","",SUM(I28:K28)) -> 0 | P28: =IF($B28<>"OK","",C28+F28+I28) -> 0.095 | Q28: =IF($B28<>"OK","",D28+G28+J28) -> 0.053 | R28: =IF($B28<>"OK","",E28+H28+K28) -> 0.084 | S28: =IF($B28<>"OK","",M28*Eingaben!$B$11/100) -> 0.007984662 | T28: =IF($B28<>"OK","",N28*Eingaben!$B$12/100) -> 0.050611176 | U28: =IF($B28<>"OK","",IF(O28=0,0,O28*Eingaben!$B$13/100)) -> 0 | V28: =IF($B28<>"OK","",IF(Eingaben!$B$15="Zeitanteilig",Eingaben!$B$14*12/365,Eingaben!$B$14/Eingaben!$B$25)) -> 0.58352384 | W28: =IF($B28<>"OK","",L28*(IF(A28<Eingaben!$B$18,Eingaben!$B$9,Eingaben!$B$10)-Eingaben!$B$8)*(1+Eingaben!$B$7)/100) -> 0 | X28: =IF($B28<>"OK","",IF(A28>=Eingaben!$B$17,-Eingaben!$B$16*(1+Eingaben!$B$7)/Eingaben!$B$26,0)) -> -0.35318548 | Y28: =IF($B28<>"OK","",-L28*IF(A28<Eingaben!$B$18,Eingaben!$B$9,Eingaben!$B$10)*(1+Eingaben!$B$7)/100) -> -0.02112012 | Z28: =IF($B28<>"OK","",IF(A28<Eingaben!$B$18,P28*Eingaben!$B$9/100,IF(Eingaben!$B$5="Report",P28*Eingaben!$B$30/100,SUMIFS(Intervalle!$K$2118:$K$2213,Intervalle!$G$2118:$G$2213,"NT")))*(1+Eingaben!$B$7)) -> 0.00185402 | AA28: =IF($B28<>"OK","",IF(A28<Eingaben!$B$18,Q28*Eingaben!$B$9/100,IF(Eingaben!$B$5="Report",Q28*Eingaben!$B$31/100,SUMIFS(Intervalle!$K$2118:$K$2213,Intervalle!$G$2118:$G$2213,"ST")))*(1+Eingaben!$B$7)) -> 0.003456236 | AB28: =IF($B28<>"OK","",IF(A28<Eingaben!$B$18,R28*Eingaben!$B$9/100,IF(Eingaben!$B$5="Report",R28*Eingaben!$B$32/100,SUMIFS(Intervalle!$K$2118:$K$2213,Intervalle!$G$2118:$G$2213,"HT")))*(1+Eingaben!$B$7)) -> 0.010515792 | AC28: =IF($B28<>"OK","",-SUM(Y28:AB28)) -> 0.005294072 | AD28: =IF($B28<>"OK","",SUM(S28:AB28)) -> 0.28364012 | AE28: =IF($B28<>"OK","",IF(Eingaben!$B$5="Report",Reportdaten!L28,"")) -> 0.28 | AF28: =IF($B28<>"OK","",IF(Eingaben!$B$5="Report",AD28-AE28,"")) -> 0.0036401222
A29: 46166 | B29: =IF(Eingaben!$B$27<>"OK","NETZREFERENZ FEHLT",IF(AND(A29<Eingaben!$B$18,NOT(ISNUMBER(Eingaben!$B$9))),"NORMALER NETZPREIS FEHLT",IF(Eingaben!$B$5="Report",IF(Reportdaten!Q29<>"complete","REPORT UNVOLLSTAENDIG",IF(AND(SUM(Reportdaten!I29:K29)>0,NOT(ISNUMBER(Eingaben!$B$13))),"HEAT-PREIS FEHLT","OK")),IF(COUNTIF(Intervalle!J2214:J2309,"OK")=96,"OK","INTERVALLE UNVOLLSTAENDIG")))) -> OK | C29: =IF($B29<>"OK","",IF(Eingaben!$B$5="Report",Reportdaten!C29,SUMIFS(Intervalle!$C$2214:$C$2309,Intervalle!$F$2214:$F$2309,"GO",Intervalle!$G$2214:$G$2309,"NT"))) -> 0.065 | D29: =IF($B29<>"OK","",IF(Eingaben!$B$5="Report",Reportdaten!D29,SUMIFS(Intervalle!$C$2214:$C$2309,Intervalle!$F$2214:$F$2309,"GO",Intervalle!$G$2214:$G$2309,"ST"))) -> 0 | E29: =IF($B29<>"OK","",IF(Eingaben!$B$5="Report",Reportdaten!E29,SUMIFS(Intervalle!$C$2214:$C$2309,Intervalle!$F$2214:$F$2309,"GO",Intervalle!$G$2214:$G$2309,"HT"))) -> 0 | F29: =IF($B29<>"OK","",IF(Eingaben!$B$5="Report",Reportdaten!F29,SUMIFS(Intervalle!$C$2214:$C$2309,Intervalle!$F$2214:$F$2309,"STANDARD",Intervalle!$G$2214:$G$2309,"NT"))) -> 0.025 | G29: =IF($B29<>"OK","",IF(Eingaben!$B$5="Report",Reportdaten!G29,SUMIFS(Intervalle!$C$2214:$C$2309,Intervalle!$F$2214:$F$2309,"STANDARD",Intervalle!$G$2214:$G$2309,"ST"))) -> 0.024 | H29: =IF($B29<>"OK","",IF(Eingaben!$B$5="Report",Reportdaten!H29,SUMIFS(Intervalle!$C$2214:$C$2309,Intervalle!$F$2214:$F$2309,"STANDARD",Intervalle!$G$2214:$G$2309,"HT"))) -> 0.034 | I29: =IF($B29<>"OK","",IF(Eingaben!$B$5="Report",Reportdaten!I29,SUMIFS(Intervalle!$C$2214:$C$2309,Intervalle!$F$2214:$F$2309,"HEAT",Intervalle!$G$2214:$G$2309,"NT"))) -> 0 | J29: =IF($B29<>"OK","",IF(Eingaben!$B$5="Report",Reportdaten!J29,SUMIFS(Intervalle!$C$2214:$C$2309,Intervalle!$F$2214:$F$2309,"HEAT",Intervalle!$G$2214:$G$2309,"ST"))) -> 0 | K29: =IF($B29<>"OK","",IF(Eingaben!$B$5="Report",Reportdaten!K29,SUMIFS(Intervalle!$C$2214:$C$2309,Intervalle!$F$2214:$F$2309,"HEAT",Intervalle!$G$2214:$G$2309,"HT"))) -> 0 | L29: =IF($B29<>"OK","",SUM(C29:K29)) -> 0.148 | M29: =IF($B29<>"OK","",SUM(C29:E29)) -> 0.065 | N29: =IF($B29<>"OK","",SUM(F29:H29)) -> 0.083 | O29: =IF($B29<>"OK","",SUM(I29:K29)) -> 0 | P29: =IF($B29<>"OK","",C29+F29+I29) -> 0.09 | Q29: =IF($B29<>"OK","",D29+G29+J29) -> 0.024 | R29: =IF($B29<>"OK","",E29+H29+K29) -> 0.034 | S29: =IF($B29<>"OK","",M29*Eingaben!$B$11/100) -> 0.00979251 | T29: =IF($B29<>"OK","",N29*Eingaben!$B$12/100) -> 0.023467752 | U29: =IF($B29<>"OK","",IF(O29=0,0,O29*Eingaben!$B$13/100)) -> 0 | V29: =IF($B29<>"OK","",IF(Eingaben!$B$15="Zeitanteilig",Eingaben!$B$14*12/365,Eingaben!$B$14/Eingaben!$B$25)) -> 0.58352384 | W29: =IF($B29<>"OK","",L29*(IF(A29<Eingaben!$B$18,Eingaben!$B$9,Eingaben!$B$10)-Eingaben!$B$8)*(1+Eingaben!$B$7)/100) -> 0 | X29: =IF($B29<>"OK","",IF(A29>=Eingaben!$B$17,-Eingaben!$B$16*(1+Eingaben!$B$7)/Eingaben!$B$26,0)) -> -0.35318548 | Y29: =IF($B29<>"OK","",-L29*IF(A29<Eingaben!$B$18,Eingaben!$B$9,Eingaben!$B$10)*(1+Eingaben!$B$7)/100) -> -0.01347318 | Z29: =IF($B29<>"OK","",IF(A29<Eingaben!$B$18,P29*Eingaben!$B$9/100,IF(Eingaben!$B$5="Report",P29*Eingaben!$B$30/100,SUMIFS(Intervalle!$K$2214:$K$2309,Intervalle!$G$2214:$G$2309,"NT")))*(1+Eingaben!$B$7)) -> 0.00175644 | AA29: =IF($B29<>"OK","",IF(A29<Eingaben!$B$18,Q29*Eingaben!$B$9/100,IF(Eingaben!$B$5="Report",Q29*Eingaben!$B$31/100,SUMIFS(Intervalle!$K$2214:$K$2309,Intervalle!$G$2214:$G$2309,"ST")))*(1+Eingaben!$B$7)) -> 0.001565088 | AB29: =IF($B29<>"OK","",IF(A29<Eingaben!$B$18,R29*Eingaben!$B$9/100,IF(Eingaben!$B$5="Report",R29*Eingaben!$B$32/100,SUMIFS(Intervalle!$K$2214:$K$2309,Intervalle!$G$2214:$G$2309,"HT")))*(1+Eingaben!$B$7)) -> 0.004256392 | AC29: =IF($B29<>"OK","",-SUM(Y29:AB29)) -> 0.00589526 | AD29: =IF($B29<>"OK","",SUM(S29:AB29)) -> 0.25770336 | AE29: =IF($B29<>"OK","",IF(Eingaben!$B$5="Report",Reportdaten!L29,"")) -> 0.26 | AF29: =IF($B29<>"OK","",IF(Eingaben!$B$5="Report",AD29-AE29,"")) -> -0.0022966418
A30: 46167 | B30: =IF(Eingaben!$B$27<>"OK","NETZREFERENZ FEHLT",IF(AND(A30<Eingaben!$B$18,NOT(ISNUMBER(Eingaben!$B$9))),"NORMALER NETZPREIS FEHLT",IF(Eingaben!$B$5="Report",IF(Reportdaten!Q30<>"complete","REPORT UNVOLLSTAENDIG",IF(AND(SUM(Reportdaten!I30:K30)>0,NOT(ISNUMBER(Eingaben!$B$13))),"HEAT-PREIS FEHLT","OK")),IF(COUNTIF(Intervalle!J2310:J2405,"OK")=96,"OK","INTERVALLE UNVOLLSTAENDIG")))) -> OK | C30: =IF($B30<>"OK","",IF(Eingaben!$B$5="Report",Reportdaten!C30,SUMIFS(Intervalle!$C$2310:$C$2405,Intervalle!$F$2310:$F$2405,"GO",Intervalle!$G$2310:$G$2405,"NT"))) -> 0.049 | D30: =IF($B30<>"OK","",IF(Eingaben!$B$5="Report",Reportdaten!D30,SUMIFS(Intervalle!$C$2310:$C$2405,Intervalle!$F$2310:$F$2405,"GO",Intervalle!$G$2310:$G$2405,"ST"))) -> 0 | E30: =IF($B30<>"OK","",IF(Eingaben!$B$5="Report",Reportdaten!E30,SUMIFS(Intervalle!$C$2310:$C$2405,Intervalle!$F$2310:$F$2405,"GO",Intervalle!$G$2310:$G$2405,"HT"))) -> 0 | F30: =IF($B30<>"OK","",IF(Eingaben!$B$5="Report",Reportdaten!F30,SUMIFS(Intervalle!$C$2310:$C$2405,Intervalle!$F$2310:$F$2405,"STANDARD",Intervalle!$G$2310:$G$2405,"NT"))) -> 0.018 | G30: =IF($B30<>"OK","",IF(Eingaben!$B$5="Report",Reportdaten!G30,SUMIFS(Intervalle!$C$2310:$C$2405,Intervalle!$F$2310:$F$2405,"STANDARD",Intervalle!$G$2310:$G$2405,"ST"))) -> 0.294 | H30: =IF($B30<>"OK","",IF(Eingaben!$B$5="Report",Reportdaten!H30,SUMIFS(Intervalle!$C$2310:$C$2405,Intervalle!$F$2310:$F$2405,"STANDARD",Intervalle!$G$2310:$G$2405,"HT"))) -> 0.263 | I30: =IF($B30<>"OK","",IF(Eingaben!$B$5="Report",Reportdaten!I30,SUMIFS(Intervalle!$C$2310:$C$2405,Intervalle!$F$2310:$F$2405,"HEAT",Intervalle!$G$2310:$G$2405,"NT"))) -> 0 | J30: =IF($B30<>"OK","",IF(Eingaben!$B$5="Report",Reportdaten!J30,SUMIFS(Intervalle!$C$2310:$C$2405,Intervalle!$F$2310:$F$2405,"HEAT",Intervalle!$G$2310:$G$2405,"ST"))) -> 0 | K30: =IF($B30<>"OK","",IF(Eingaben!$B$5="Report",Reportdaten!K30,SUMIFS(Intervalle!$C$2310:$C$2405,Intervalle!$F$2310:$F$2405,"HEAT",Intervalle!$G$2310:$G$2405,"HT"))) -> 0 | L30: =IF($B30<>"OK","",SUM(C30:K30)) -> 0.624 | M30: =IF($B30<>"OK","",SUM(C30:E30)) -> 0.049 | N30: =IF($B30<>"OK","",SUM(F30:H30)) -> 0.575 | O30: =IF($B30<>"OK","",SUM(I30:K30)) -> 0 | P30: =IF($B30<>"OK","",C30+F30+I30) -> 0.067 | Q30: =IF($B30<>"OK","",D30+G30+J30) -> 0.294 | R30: =IF($B30<>"OK","",E30+H30+K30) -> 0.263 | S30: =IF($B30<>"OK","",M30*Eingaben!$B$11/100) -> 0.007382046 | T30: =IF($B30<>"OK","",N30*Eingaben!$B$12/100) -> 0.1625778 | U30: =IF($B30<>"OK","",IF(O30=0,0,O30*Eingaben!$B$13/100)) -> 0 | V30: =IF($B30<>"OK","",IF(Eingaben!$B$15="Zeitanteilig",Eingaben!$B$14*12/365,Eingaben!$B$14/Eingaben!$B$25)) -> 0.58352384 | W30: =IF($B30<>"OK","",L30*(IF(A30<Eingaben!$B$18,Eingaben!$B$9,Eingaben!$B$10)-Eingaben!$B$8)*(1+Eingaben!$B$7)/100) -> 0 | X30: =IF($B30<>"OK","",IF(A30>=Eingaben!$B$17,-Eingaben!$B$16*(1+Eingaben!$B$7)/Eingaben!$B$26,0)) -> -0.35318548 | Y30: =IF($B30<>"OK","",-L30*IF(A30<Eingaben!$B$18,Eingaben!$B$9,Eingaben!$B$10)*(1+Eingaben!$B$7)/100) -> -0.05680584 | Z30: =IF($B30<>"OK","",IF(A30<Eingaben!$B$18,P30*Eingaben!$B$9/100,IF(Eingaben!$B$5="Report",P30*Eingaben!$B$30/100,SUMIFS(Intervalle!$K$2310:$K$2405,Intervalle!$G$2310:$G$2405,"NT")))*(1+Eingaben!$B$7)) -> 0.001307572 | AA30: =IF($B30<>"OK","",IF(A30<Eingaben!$B$18,Q30*Eingaben!$B$9/100,IF(Eingaben!$B$5="Report",Q30*Eingaben!$B$31/100,SUMIFS(Intervalle!$K$2310:$K$2405,Intervalle!$G$2310:$G$2405,"ST")))*(1+Eingaben!$B$7)) -> 0.019172328 | AB30: =IF($B30<>"OK","",IF(A30<Eingaben!$B$18,R30*Eingaben!$B$9/100,IF(Eingaben!$B$5="Report",R30*Eingaben!$B$32/100,SUMIFS(Intervalle!$K$2310:$K$2405,Intervalle!$G$2310:$G$2405,"HT")))*(1+Eingaben!$B$7)) -> 0.032924444 | AC30: =IF($B30<>"OK","",-SUM(Y30:AB30)) -> 0.003401496 | AD30: =IF($B30<>"OK","",SUM(S30:AB30)) -> 0.39689671 | AE30: =IF($B30<>"OK","",IF(Eingaben!$B$5="Report",Reportdaten!L30,"")) -> 0.4 | AF30: =IF($B30<>"OK","",IF(Eingaben!$B$5="Report",AD30-AE30,"")) -> -0.0031032938
A31: 46168 | B31: =IF(Eingaben!$B$27<>"OK","NETZREFERENZ FEHLT",IF(AND(A31<Eingaben!$B$18,NOT(ISNUMBER(Eingaben!$B$9))),"NORMALER NETZPREIS FEHLT",IF(Eingaben!$B$5="Report",IF(Reportdaten!Q31<>"complete","REPORT UNVOLLSTAENDIG",IF(AND(SUM(Reportdaten!I31:K31)>0,NOT(ISNUMBER(Eingaben!$B$13))),"HEAT-PREIS FEHLT","OK")),IF(COUNTIF(Intervalle!J2406:J2501,"OK")=96,"OK","INTERVALLE UNVOLLSTAENDIG")))) -> OK | C31: =IF($B31<>"OK","",IF(Eingaben!$B$5="Report",Reportdaten!C31,SUMIFS(Intervalle!$C$2406:$C$2501,Intervalle!$F$2406:$F$2501,"GO",Intervalle!$G$2406:$G$2501,"NT"))) -> 0.054 | D31: =IF($B31<>"OK","",IF(Eingaben!$B$5="Report",Reportdaten!D31,SUMIFS(Intervalle!$C$2406:$C$2501,Intervalle!$F$2406:$F$2501,"GO",Intervalle!$G$2406:$G$2501,"ST"))) -> 0 | E31: =IF($B31<>"OK","",IF(Eingaben!$B$5="Report",Reportdaten!E31,SUMIFS(Intervalle!$C$2406:$C$2501,Intervalle!$F$2406:$F$2501,"GO",Intervalle!$G$2406:$G$2501,"HT"))) -> 0 | F31: =IF($B31<>"OK","",IF(Eingaben!$B$5="Report",Reportdaten!F31,SUMIFS(Intervalle!$C$2406:$C$2501,Intervalle!$F$2406:$F$2501,"STANDARD",Intervalle!$G$2406:$G$2501,"NT"))) -> 0.021 | G31: =IF($B31<>"OK","",IF(Eingaben!$B$5="Report",Reportdaten!G31,SUMIFS(Intervalle!$C$2406:$C$2501,Intervalle!$F$2406:$F$2501,"STANDARD",Intervalle!$G$2406:$G$2501,"ST"))) -> 0.05 | H31: =IF($B31<>"OK","",IF(Eingaben!$B$5="Report",Reportdaten!H31,SUMIFS(Intervalle!$C$2406:$C$2501,Intervalle!$F$2406:$F$2501,"STANDARD",Intervalle!$G$2406:$G$2501,"HT"))) -> 0.203 | I31: =IF($B31<>"OK","",IF(Eingaben!$B$5="Report",Reportdaten!I31,SUMIFS(Intervalle!$C$2406:$C$2501,Intervalle!$F$2406:$F$2501,"HEAT",Intervalle!$G$2406:$G$2501,"NT"))) -> 0 | J31: =IF($B31<>"OK","",IF(Eingaben!$B$5="Report",Reportdaten!J31,SUMIFS(Intervalle!$C$2406:$C$2501,Intervalle!$F$2406:$F$2501,"HEAT",Intervalle!$G$2406:$G$2501,"ST"))) -> 0 | K31: =IF($B31<>"OK","",IF(Eingaben!$B$5="Report",Reportdaten!K31,SUMIFS(Intervalle!$C$2406:$C$2501,Intervalle!$F$2406:$F$2501,"HEAT",Intervalle!$G$2406:$G$2501,"HT"))) -> 0 | L31: =IF($B31<>"OK","",SUM(C31:K31)) -> 0.328 | M31: =IF($B31<>"OK","",SUM(C31:E31)) -> 0.054 | N31: =IF($B31<>"OK","",SUM(F31:H31)) -> 0.274 | O31: =IF($B31<>"OK","",SUM(I31:K31)) -> 0 | P31: =IF($B31<>"OK","",C31+F31+I31) -> 0.075 | Q31: =IF($B31<>"OK","",D31+G31+J31) -> 0.05 | R31: =IF($B31<>"OK","",E31+H31+K31) -> 0.203 | S31: =IF($B31<>"OK","",M31*Eingaben!$B$11/100) -> 0.008135316 | T31: =IF($B31<>"OK","",N31*Eingaben!$B$12/100) -> 0.077471856 | U31: =IF($B31<>"OK","",IF(O31=0,0,O31*Eingaben!$B$13/100)) -> 0 | V31: =IF($B31<>"OK","",IF(Eingaben!$B$15="Zeitanteilig",Eingaben!$B$14*12/365,Eingaben!$B$14/Eingaben!$B$25)) -> 0.58352384 | W31: =IF($B31<>"OK","",L31*(IF(A31<Eingaben!$B$18,Eingaben!$B$9,Eingaben!$B$10)-Eingaben!$B$8)*(1+Eingaben!$B$7)/100) -> 0 | X31: =IF($B31<>"OK","",IF(A31>=Eingaben!$B$17,-Eingaben!$B$16*(1+Eingaben!$B$7)/Eingaben!$B$26,0)) -> -0.35318548 | Y31: =IF($B31<>"OK","",-L31*IF(A31<Eingaben!$B$18,Eingaben!$B$9,Eingaben!$B$10)*(1+Eingaben!$B$7)/100) -> -0.02985948 | Z31: =IF($B31<>"OK","",IF(A31<Eingaben!$B$18,P31*Eingaben!$B$9/100,IF(Eingaben!$B$5="Report",P31*Eingaben!$B$30/100,SUMIFS(Intervalle!$K$2406:$K$2501,Intervalle!$G$2406:$G$2501,"NT")))*(1+Eingaben!$B$7)) -> 0.0014637 | AA31: =IF($B31<>"OK","",IF(A31<Eingaben!$B$18,Q31*Eingaben!$B$9/100,IF(Eingaben!$B$5="Report",Q31*Eingaben!$B$31/100,SUMIFS(Intervalle!$K$2406:$K$2501,Intervalle!$G$2406:$G$2501,"ST")))*(1+Eingaben!$B$7)) -> 0.0032606 | AB31: =IF($B31<>"OK","",IF(A31<Eingaben!$B$18,R31*Eingaben!$B$9/100,IF(Eingaben!$B$5="Report",R31*Eingaben!$B$32/100,SUMIFS(Intervalle!$K$2406:$K$2501,Intervalle!$G$2406:$G$2501,"HT")))*(1+Eingaben!$B$7)) -> 0.025413164 | AC31: =IF($B31<>"OK","",-SUM(Y31:AB31)) -> -0.000277984 | AD31: =IF($B31<>"OK","",SUM(S31:AB31)) -> 0.31622351 | AE31: =IF($B31<>"OK","",IF(Eingaben!$B$5="Report",Reportdaten!L31,"")) -> 0.32 | AF31: =IF($B31<>"OK","",IF(Eingaben!$B$5="Report",AD31-AE31,"")) -> -0.0037764878
A32: 46169 | B32: =IF(Eingaben!$B$27<>"OK","NETZREFERENZ FEHLT",IF(AND(A32<Eingaben!$B$18,NOT(ISNUMBER(Eingaben!$B$9))),"NORMALER NETZPREIS FEHLT",IF(Eingaben!$B$5="Report",IF(Reportdaten!Q32<>"complete","REPORT UNVOLLSTAENDIG",IF(AND(SUM(Reportdaten!I32:K32)>0,NOT(ISNUMBER(Eingaben!$B$13))),"HEAT-PREIS FEHLT","OK")),IF(COUNTIF(Intervalle!J2502:J2597,"OK")=96,"OK","INTERVALLE UNVOLLSTAENDIG")))) -> OK | C32: =IF($B32<>"OK","",IF(Eingaben!$B$5="Report",Reportdaten!C32,SUMIFS(Intervalle!$C$2502:$C$2597,Intervalle!$F$2502:$F$2597,"GO",Intervalle!$G$2502:$G$2597,"NT"))) -> 0.058 | D32: =IF($B32<>"OK","",IF(Eingaben!$B$5="Report",Reportdaten!D32,SUMIFS(Intervalle!$C$2502:$C$2597,Intervalle!$F$2502:$F$2597,"GO",Intervalle!$G$2502:$G$2597,"ST"))) -> 0 | E32: =IF($B32<>"OK","",IF(Eingaben!$B$5="Report",Reportdaten!E32,SUMIFS(Intervalle!$C$2502:$C$2597,Intervalle!$F$2502:$F$2597,"GO",Intervalle!$G$2502:$G$2597,"HT"))) -> 0 | F32: =IF($B32<>"OK","",IF(Eingaben!$B$5="Report",Reportdaten!F32,SUMIFS(Intervalle!$C$2502:$C$2597,Intervalle!$F$2502:$F$2597,"STANDARD",Intervalle!$G$2502:$G$2597,"NT"))) -> 0.019 | G32: =IF($B32<>"OK","",IF(Eingaben!$B$5="Report",Reportdaten!G32,SUMIFS(Intervalle!$C$2502:$C$2597,Intervalle!$F$2502:$F$2597,"STANDARD",Intervalle!$G$2502:$G$2597,"ST"))) -> 0.142 | H32: =IF($B32<>"OK","",IF(Eingaben!$B$5="Report",Reportdaten!H32,SUMIFS(Intervalle!$C$2502:$C$2597,Intervalle!$F$2502:$F$2597,"STANDARD",Intervalle!$G$2502:$G$2597,"HT"))) -> 0.031 | I32: =IF($B32<>"OK","",IF(Eingaben!$B$5="Report",Reportdaten!I32,SUMIFS(Intervalle!$C$2502:$C$2597,Intervalle!$F$2502:$F$2597,"HEAT",Intervalle!$G$2502:$G$2597,"NT"))) -> 0 | J32: =IF($B32<>"OK","",IF(Eingaben!$B$5="Report",Reportdaten!J32,SUMIFS(Intervalle!$C$2502:$C$2597,Intervalle!$F$2502:$F$2597,"HEAT",Intervalle!$G$2502:$G$2597,"ST"))) -> 0 | K32: =IF($B32<>"OK","",IF(Eingaben!$B$5="Report",Reportdaten!K32,SUMIFS(Intervalle!$C$2502:$C$2597,Intervalle!$F$2502:$F$2597,"HEAT",Intervalle!$G$2502:$G$2597,"HT"))) -> 0 | L32: =IF($B32<>"OK","",SUM(C32:K32)) -> 0.25 | M32: =IF($B32<>"OK","",SUM(C32:E32)) -> 0.058 | N32: =IF($B32<>"OK","",SUM(F32:H32)) -> 0.192 | O32: =IF($B32<>"OK","",SUM(I32:K32)) -> 0 | P32: =IF($B32<>"OK","",C32+F32+I32) -> 0.077 | Q32: =IF($B32<>"OK","",D32+G32+J32) -> 0.142 | R32: =IF($B32<>"OK","",E32+H32+K32) -> 0.031 | S32: =IF($B32<>"OK","",M32*Eingaben!$B$11/100) -> 0.008737932 | T32: =IF($B32<>"OK","",N32*Eingaben!$B$12/100) -> 0.054286848 | U32: =IF($B32<>"OK","",IF(O32=0,0,O32*Eingaben!$B$13/100)) -> 0 | V32: =IF($B32<>"OK","",IF(Eingaben!$B$15="Zeitanteilig",Eingaben!$B$14*12/365,Eingaben!$B$14/Eingaben!$B$25)) -> 0.58352384 | W32: =IF($B32<>"OK","",L32*(IF(A32<Eingaben!$B$18,Eingaben!$B$9,Eingaben!$B$10)-Eingaben!$B$8)*(1+Eingaben!$B$7)/100) -> 0 | X32: =IF($B32<>"OK","",IF(A32>=Eingaben!$B$17,-Eingaben!$B$16*(1+Eingaben!$B$7)/Eingaben!$B$26,0)) -> -0.35318548 | Y32: =IF($B32<>"OK","",-L32*IF(A32<Eingaben!$B$18,Eingaben!$B$9,Eingaben!$B$10)*(1+Eingaben!$B$7)/100) -> -0.02275875 | Z32: =IF($B32<>"OK","",IF(A32<Eingaben!$B$18,P32*Eingaben!$B$9/100,IF(Eingaben!$B$5="Report",P32*Eingaben!$B$30/100,SUMIFS(Intervalle!$K$2502:$K$2597,Intervalle!$G$2502:$G$2597,"NT")))*(1+Eingaben!$B$7)) -> 0.001502732 | AA32: =IF($B32<>"OK","",IF(A32<Eingaben!$B$18,Q32*Eingaben!$B$9/100,IF(Eingaben!$B$5="Report",Q32*Eingaben!$B$31/100,SUMIFS(Intervalle!$K$2502:$K$2597,Intervalle!$G$2502:$G$2597,"ST")))*(1+Eingaben!$B$7)) -> 0.009260104 | AB32: =IF($B32<>"OK","",IF(A32<Eingaben!$B$18,R32*Eingaben!$B$9/100,IF(Eingaben!$B$5="Report",R32*Eingaben!$B$32/100,SUMIFS(Intervalle!$K$2502:$K$2597,Intervalle!$G$2502:$G$2597,"HT")))*(1+Eingaben!$B$7)) -> 0.003880828 | AC32: =IF($B32<>"OK","",-SUM(Y32:AB32)) -> 0.008115086 | AD32: =IF($B32<>"OK","",SUM(S32:AB32)) -> 0.28524805 | AE32: =IF($B32<>"OK","",IF(Eingaben!$B$5="Report",Reportdaten!L32,"")) -> 0.29 | AF32: =IF($B32<>"OK","",IF(Eingaben!$B$5="Report",AD32-AE32,"")) -> -0.0047519498
A33: 46170 | B33: =IF(Eingaben!$B$27<>"OK","NETZREFERENZ FEHLT",IF(AND(A33<Eingaben!$B$18,NOT(ISNUMBER(Eingaben!$B$9))),"NORMALER NETZPREIS FEHLT",IF(Eingaben!$B$5="Report",IF(Reportdaten!Q33<>"complete","REPORT UNVOLLSTAENDIG",IF(AND(SUM(Reportdaten!I33:K33)>0,NOT(ISNUMBER(Eingaben!$B$13))),"HEAT-PREIS FEHLT","OK")),IF(COUNTIF(Intervalle!J2598:J2693,"OK")=96,"OK","INTERVALLE UNVOLLSTAENDIG")))) -> OK | C33: =IF($B33<>"OK","",IF(Eingaben!$B$5="Report",Reportdaten!C33,SUMIFS(Intervalle!$C$2598:$C$2693,Intervalle!$F$2598:$F$2693,"GO",Intervalle!$G$2598:$G$2693,"NT"))) -> 0.271 | D33: =IF($B33<>"OK","",IF(Eingaben!$B$5="Report",Reportdaten!D33,SUMIFS(Intervalle!$C$2598:$C$2693,Intervalle!$F$2598:$F$2693,"GO",Intervalle!$G$2598:$G$2693,"ST"))) -> 0 | E33: =IF($B33<>"OK","",IF(Eingaben!$B$5="Report",Reportdaten!E33,SUMIFS(Intervalle!$C$2598:$C$2693,Intervalle!$F$2598:$F$2693,"GO",Intervalle!$G$2598:$G$2693,"HT"))) -> 0 | F33: =IF($B33<>"OK","",IF(Eingaben!$B$5="Report",Reportdaten!F33,SUMIFS(Intervalle!$C$2598:$C$2693,Intervalle!$F$2598:$F$2693,"STANDARD",Intervalle!$G$2598:$G$2693,"NT"))) -> 0.011 | G33: =IF($B33<>"OK","",IF(Eingaben!$B$5="Report",Reportdaten!G33,SUMIFS(Intervalle!$C$2598:$C$2693,Intervalle!$F$2598:$F$2693,"STANDARD",Intervalle!$G$2598:$G$2693,"ST"))) -> 0.007 | H33: =IF($B33<>"OK","",IF(Eingaben!$B$5="Report",Reportdaten!H33,SUMIFS(Intervalle!$C$2598:$C$2693,Intervalle!$F$2598:$F$2693,"STANDARD",Intervalle!$G$2598:$G$2693,"HT"))) -> 0.003 | I33: =IF($B33<>"OK","",IF(Eingaben!$B$5="Report",Reportdaten!I33,SUMIFS(Intervalle!$C$2598:$C$2693,Intervalle!$F$2598:$F$2693,"HEAT",Intervalle!$G$2598:$G$2693,"NT"))) -> 0 | J33: =IF($B33<>"OK","",IF(Eingaben!$B$5="Report",Reportdaten!J33,SUMIFS(Intervalle!$C$2598:$C$2693,Intervalle!$F$2598:$F$2693,"HEAT",Intervalle!$G$2598:$G$2693,"ST"))) -> 0 | K33: =IF($B33<>"OK","",IF(Eingaben!$B$5="Report",Reportdaten!K33,SUMIFS(Intervalle!$C$2598:$C$2693,Intervalle!$F$2598:$F$2693,"HEAT",Intervalle!$G$2598:$G$2693,"HT"))) -> 0 | L33: =IF($B33<>"OK","",SUM(C33:K33)) -> 0.292 | M33: =IF($B33<>"OK","",SUM(C33:E33)) -> 0.271 | N33: =IF($B33<>"OK","",SUM(F33:H33)) -> 0.021 | O33: =IF($B33<>"OK","",SUM(I33:K33)) -> 0 | P33: =IF($B33<>"OK","",C33+F33+I33) -> 0.282 | Q33: =IF($B33<>"OK","",D33+G33+J33) -> 0.007 | R33: =IF($B33<>"OK","",E33+H33+K33) -> 0.003 | S33: =IF($B33<>"OK","",M33*Eingaben!$B$11/100) -> 0.040827234 | T33: =IF($B33<>"OK","",N33*Eingaben!$B$12/100) -> 0.005937624 | U33: =IF($B33<>"OK","",IF(O33=0,0,O33*Eingaben!$B$13/100)) -> 0 | V33: =IF($B33<>"OK","",IF(Eingaben!$B$15="Zeitanteilig",Eingaben!$B$14*12/365,Eingaben!$B$14/Eingaben!$B$25)) -> 0.58352384 | W33: =IF($B33<>"OK","",L33*(IF(A33<Eingaben!$B$18,Eingaben!$B$9,Eingaben!$B$10)-Eingaben!$B$8)*(1+Eingaben!$B$7)/100) -> 0 | X33: =IF($B33<>"OK","",IF(A33>=Eingaben!$B$17,-Eingaben!$B$16*(1+Eingaben!$B$7)/Eingaben!$B$26,0)) -> -0.35318548 | Y33: =IF($B33<>"OK","",-L33*IF(A33<Eingaben!$B$18,Eingaben!$B$9,Eingaben!$B$10)*(1+Eingaben!$B$7)/100) -> -0.02658222 | Z33: =IF($B33<>"OK","",IF(A33<Eingaben!$B$18,P33*Eingaben!$B$9/100,IF(Eingaben!$B$5="Report",P33*Eingaben!$B$30/100,SUMIFS(Intervalle!$K$2598:$K$2693,Intervalle!$G$2598:$G$2693,"NT")))*(1+Eingaben!$B$7)) -> 0.005503512 | AA33: =IF($B33<>"OK","",IF(A33<Eingaben!$B$18,Q33*Eingaben!$B$9/100,IF(Eingaben!$B$5="Report",Q33*Eingaben!$B$31/100,SUMIFS(Intervalle!$K$2598:$K$2693,Intervalle!$G$2598:$G$2693,"ST")))*(1+Eingaben!$B$7)) -> 0.000456484 | AB33: =IF($B33<>"OK","",IF(A33<Eingaben!$B$18,R33*Eingaben!$B$9/100,IF(Eingaben!$B$5="Report",R33*Eingaben!$B$32/100,SUMIFS(Intervalle!$K$2598:$K$2693,Intervalle!$G$2598:$G$2693,"HT")))*(1+Eingaben!$B$7)) -> 0.000375564 | AC33: =IF($B33<>"OK","",-SUM(Y33:AB33)) -> 0.02024666 | AD33: =IF($B33<>"OK","",SUM(S33:AB33)) -> 0.25685655 | AE33: =IF($B33<>"OK","",IF(Eingaben!$B$5="Report",Reportdaten!L33,"")) -> 0.26 | AF33: =IF($B33<>"OK","",IF(Eingaben!$B$5="Report",AD33-AE33,"")) -> -0.0031434458
A34: 46171 | B34: =IF(Eingaben!$B$27<>"OK","NETZREFERENZ FEHLT",IF(AND(A34<Eingaben!$B$18,NOT(ISNUMBER(Eingaben!$B$9))),"NORMALER NETZPREIS FEHLT",IF(Eingaben!$B$5="Report",IF(Reportdaten!Q34<>"complete","REPORT UNVOLLSTAENDIG",IF(AND(SUM(Reportdaten!I34:K34)>0,NOT(ISNUMBER(Eingaben!$B$13))),"HEAT-PREIS FEHLT","OK")),IF(COUNTIF(Intervalle!J2694:J2789,"OK")=96,"OK","INTERVALLE UNVOLLSTAENDIG")))) -> OK | C34: =IF($B34<>"OK","",IF(Eingaben!$B$5="Report",Reportdaten!C34,SUMIFS(Intervalle!$C$2694:$C$2789,Intervalle!$F$2694:$F$2789,"GO",Intervalle!$G$2694:$G$2789,"NT"))) -> 0.063 | D34: =IF($B34<>"OK","",IF(Eingaben!$B$5="Report",Reportdaten!D34,SUMIFS(Intervalle!$C$2694:$C$2789,Intervalle!$F$2694:$F$2789,"GO",Intervalle!$G$2694:$G$2789,"ST"))) -> 0 | E34: =IF($B34<>"OK","",IF(Eingaben!$B$5="Report",Reportdaten!E34,SUMIFS(Intervalle!$C$2694:$C$2789,Intervalle!$F$2694:$F$2789,"GO",Intervalle!$G$2694:$G$2789,"HT"))) -> 0 | F34: =IF($B34<>"OK","",IF(Eingaben!$B$5="Report",Reportdaten!F34,SUMIFS(Intervalle!$C$2694:$C$2789,Intervalle!$F$2694:$F$2789,"STANDARD",Intervalle!$G$2694:$G$2789,"NT"))) -> 0.017 | G34: =IF($B34<>"OK","",IF(Eingaben!$B$5="Report",Reportdaten!G34,SUMIFS(Intervalle!$C$2694:$C$2789,Intervalle!$F$2694:$F$2789,"STANDARD",Intervalle!$G$2694:$G$2789,"ST"))) -> 0.05 | H34: =IF($B34<>"OK","",IF(Eingaben!$B$5="Report",Reportdaten!H34,SUMIFS(Intervalle!$C$2694:$C$2789,Intervalle!$F$2694:$F$2789,"STANDARD",Intervalle!$G$2694:$G$2789,"HT"))) -> 0.268 | I34: =IF($B34<>"OK","",IF(Eingaben!$B$5="Report",Reportdaten!I34,SUMIFS(Intervalle!$C$2694:$C$2789,Intervalle!$F$2694:$F$2789,"HEAT",Intervalle!$G$2694:$G$2789,"NT"))) -> 0 | J34: =IF($B34<>"OK","",IF(Eingaben!$B$5="Report",Reportdaten!J34,SUMIFS(Intervalle!$C$2694:$C$2789,Intervalle!$F$2694:$F$2789,"HEAT",Intervalle!$G$2694:$G$2789,"ST"))) -> 0 | K34: =IF($B34<>"OK","",IF(Eingaben!$B$5="Report",Reportdaten!K34,SUMIFS(Intervalle!$C$2694:$C$2789,Intervalle!$F$2694:$F$2789,"HEAT",Intervalle!$G$2694:$G$2789,"HT"))) -> 0 | L34: =IF($B34<>"OK","",SUM(C34:K34)) -> 0.398 | M34: =IF($B34<>"OK","",SUM(C34:E34)) -> 0.063 | N34: =IF($B34<>"OK","",SUM(F34:H34)) -> 0.335 | O34: =IF($B34<>"OK","",SUM(I34:K34)) -> 0 | P34: =IF($B34<>"OK","",C34+F34+I34) -> 0.08 | Q34: =IF($B34<>"OK","",D34+G34+J34) -> 0.05 | R34: =IF($B34<>"OK","",E34+H34+K34) -> 0.268 | S34: =IF($B34<>"OK","",M34*Eingaben!$B$11/100) -> 0.009491202 | T34: =IF($B34<>"OK","",N34*Eingaben!$B$12/100) -> 0.09471924 | U34: =IF($B34<>"OK","",IF(O34=0,0,O34*Eingaben!$B$13/100)) -> 0 | V34: =IF($B34<>"OK","",IF(Eingaben!$B$15="Zeitanteilig",Eingaben!$B$14*12/365,Eingaben!$B$14/Eingaben!$B$25)) -> 0.58352384 | W34: =IF($B34<>"OK","",L34*(IF(A34<Eingaben!$B$18,Eingaben!$B$9,Eingaben!$B$10)-Eingaben!$B$8)*(1+Eingaben!$B$7)/100) -> 0 | X34: =IF($B34<>"OK","",IF(A34>=Eingaben!$B$17,-Eingaben!$B$16*(1+Eingaben!$B$7)/Eingaben!$B$26,0)) -> -0.35318548 | Y34: =IF($B34<>"OK","",-L34*IF(A34<Eingaben!$B$18,Eingaben!$B$9,Eingaben!$B$10)*(1+Eingaben!$B$7)/100) -> -0.03623193 | Z34: =IF($B34<>"OK","",IF(A34<Eingaben!$B$18,P34*Eingaben!$B$9/100,IF(Eingaben!$B$5="Report",P34*Eingaben!$B$30/100,SUMIFS(Intervalle!$K$2694:$K$2789,Intervalle!$G$2694:$G$2789,"NT")))*(1+Eingaben!$B$7)) -> 0.00156128 | AA34: =IF($B34<>"OK","",IF(A34<Eingaben!$B$18,Q34*Eingaben!$B$9/100,IF(Eingaben!$B$5="Report",Q34*Eingaben!$B$31/100,SUMIFS(Intervalle!$K$2694:$K$2789,Intervalle!$G$2694:$G$2789,"ST")))*(1+Eingaben!$B$7)) -> 0.0032606 | AB34: =IF($B34<>"OK","",IF(A34<Eingaben!$B$18,R34*Eingaben!$B$9/100,IF(Eingaben!$B$5="Report",R34*Eingaben!$B$32/100,SUMIFS(Intervalle!$K$2694:$K$2789,Intervalle!$G$2694:$G$2789,"HT")))*(1+Eingaben!$B$7)) -> 0.033550384 | AC34: =IF($B34<>"OK","",-SUM(Y34:AB34)) -> -0.002140334 | AD34: =IF($B34<>"OK","",SUM(S34:AB34)) -> 0.33668913 | AE34: =IF($B34<>"OK","",IF(Eingaben!$B$5="Report",Reportdaten!L34,"")) -> 0.34 | AF34: =IF($B34<>"OK","",IF(Eingaben!$B$5="Report",AD34-AE34,"")) -> -0.0033108678
A35: 46172 | B35: =IF(Eingaben!$B$27<>"OK","NETZREFERENZ FEHLT",IF(AND(A35<Eingaben!$B$18,NOT(ISNUMBER(Eingaben!$B$9))),"NORMALER NETZPREIS FEHLT",IF(Eingaben!$B$5="Report",IF(Reportdaten!Q35<>"complete","REPORT UNVOLLSTAENDIG",IF(AND(SUM(Reportdaten!I35:K35)>0,NOT(ISNUMBER(Eingaben!$B$13))),"HEAT-PREIS FEHLT","OK")),IF(COUNTIF(Intervalle!J2790:J2885,"OK")=96,"OK","INTERVALLE UNVOLLSTAENDIG")))) -> OK | C35: =IF($B35<>"OK","",IF(Eingaben!$B$5="Report",Reportdaten!C35,SUMIFS(Intervalle!$C$2790:$C$2885,Intervalle!$F$2790:$F$2885,"GO",Intervalle!$G$2790:$G$2885,"NT"))) -> 0.07 | D35: =IF($B35<>"OK","",IF(Eingaben!$B$5="Report",Reportdaten!D35,SUMIFS(Intervalle!$C$2790:$C$2885,Intervalle!$F$2790:$F$2885,"GO",Intervalle!$G$2790:$G$2885,"ST"))) -> 0 | E35: =IF($B35<>"OK","",IF(Eingaben!$B$5="Report",Reportdaten!E35,SUMIFS(Intervalle!$C$2790:$C$2885,Intervalle!$F$2790:$F$2885,"GO",Intervalle!$G$2790:$G$2885,"HT"))) -> 0 | F35: =IF($B35<>"OK","",IF(Eingaben!$B$5="Report",Reportdaten!F35,SUMIFS(Intervalle!$C$2790:$C$2885,Intervalle!$F$2790:$F$2885,"STANDARD",Intervalle!$G$2790:$G$2885,"NT"))) -> 0.03 | G35: =IF($B35<>"OK","",IF(Eingaben!$B$5="Report",Reportdaten!G35,SUMIFS(Intervalle!$C$2790:$C$2885,Intervalle!$F$2790:$F$2885,"STANDARD",Intervalle!$G$2790:$G$2885,"ST"))) -> 0.116 | H35: =IF($B35<>"OK","",IF(Eingaben!$B$5="Report",Reportdaten!H35,SUMIFS(Intervalle!$C$2790:$C$2885,Intervalle!$F$2790:$F$2885,"STANDARD",Intervalle!$G$2790:$G$2885,"HT"))) -> 0.172 | I35: =IF($B35<>"OK","",IF(Eingaben!$B$5="Report",Reportdaten!I35,SUMIFS(Intervalle!$C$2790:$C$2885,Intervalle!$F$2790:$F$2885,"HEAT",Intervalle!$G$2790:$G$2885,"NT"))) -> 0 | J35: =IF($B35<>"OK","",IF(Eingaben!$B$5="Report",Reportdaten!J35,SUMIFS(Intervalle!$C$2790:$C$2885,Intervalle!$F$2790:$F$2885,"HEAT",Intervalle!$G$2790:$G$2885,"ST"))) -> 0 | K35: =IF($B35<>"OK","",IF(Eingaben!$B$5="Report",Reportdaten!K35,SUMIFS(Intervalle!$C$2790:$C$2885,Intervalle!$F$2790:$F$2885,"HEAT",Intervalle!$G$2790:$G$2885,"HT"))) -> 0 | L35: =IF($B35<>"OK","",SUM(C35:K35)) -> 0.388 | M35: =IF($B35<>"OK","",SUM(C35:E35)) -> 0.07 | N35: =IF($B35<>"OK","",SUM(F35:H35)) -> 0.318 | O35: =IF($B35<>"OK","",SUM(I35:K35)) -> 0 | P35: =IF($B35<>"OK","",C35+F35+I35) -> 0.1 | Q35: =IF($B35<>"OK","",D35+G35+J35) -> 0.116 | R35: =IF($B35<>"OK","",E35+H35+K35) -> 0.172 | S35: =IF($B35<>"OK","",M35*Eingaben!$B$11/100) -> 0.01054578 | T35: =IF($B35<>"OK","",N35*Eingaben!$B$12/100) -> 0.089912592 | U35: =IF($B35<>"OK","",IF(O35=0,0,O35*Eingaben!$B$13/100)) -> 0 | V35: =IF($B35<>"OK","",IF(Eingaben!$B$15="Zeitanteilig",Eingaben!$B$14*12/365,Eingaben!$B$14/Eingaben!$B$25)) -> 0.58352384 | W35: =IF($B35<>"OK","",L35*(IF(A35<Eingaben!$B$18,Eingaben!$B$9,Eingaben!$B$10)-Eingaben!$B$8)*(1+Eingaben!$B$7)/100) -> 0 | X35: =IF($B35<>"OK","",IF(A35>=Eingaben!$B$17,-Eingaben!$B$16*(1+Eingaben!$B$7)/Eingaben!$B$26,0)) -> -0.35318548 | Y35: =IF($B35<>"OK","",-L35*IF(A35<Eingaben!$B$18,Eingaben!$B$9,Eingaben!$B$10)*(1+Eingaben!$B$7)/100) -> -0.03532158 | Z35: =IF($B35<>"OK","",IF(A35<Eingaben!$B$18,P35*Eingaben!$B$9/100,IF(Eingaben!$B$5="Report",P35*Eingaben!$B$30/100,SUMIFS(Intervalle!$K$2790:$K$2885,Intervalle!$G$2790:$G$2885,"NT")))*(1+Eingaben!$B$7)) -> 0.0019516 | AA35: =IF($B35<>"OK","",IF(A35<Eingaben!$B$18,Q35*Eingaben!$B$9/100,IF(Eingaben!$B$5="Report",Q35*Eingaben!$B$31/100,SUMIFS(Intervalle!$K$2790:$K$2885,Intervalle!$G$2790:$G$2885,"ST")))*(1+Eingaben!$B$7)) -> 0.007564592 | AB35: =IF($B35<>"OK","",IF(A35<Eingaben!$B$18,R35*Eingaben!$B$9/100,IF(Eingaben!$B$5="Report",R35*Eingaben!$B$32/100,SUMIFS(Intervalle!$K$2790:$K$2885,Intervalle!$G$2790:$G$2885,"HT")))*(1+Eingaben!$B$7)) -> 0.021532336 | AC35: =IF($B35<>"OK","",-SUM(Y35:AB35)) -> 0.004273052 | AD35: =IF($B35<>"OK","",SUM(S35:AB35)) -> 0.32652368 | AE35: =IF($B35<>"OK","",IF(Eingaben!$B$5="Report",Reportdaten!L35,"")) -> 0.33 | AF35: =IF($B35<>"OK","",IF(Eingaben!$B$5="Report",AD35-AE35,"")) -> -0.0034763238
A36: 46173 | B36: =IF(Eingaben!$B$27<>"OK","NETZREFERENZ FEHLT",IF(AND(A36<Eingaben!$B$18,NOT(ISNUMBER(Eingaben!$B$9))),"NORMALER NETZPREIS FEHLT",IF(Eingaben!$B$5="Report",IF(Reportdaten!Q36<>"complete","REPORT UNVOLLSTAENDIG",IF(AND(SUM(Reportdaten!I36:K36)>0,NOT(ISNUMBER(Eingaben!$B$13))),"HEAT-PREIS FEHLT","OK")),IF(COUNTIF(Intervalle!J2886:J2981,"OK")=96,"OK","INTERVALLE UNVOLLSTAENDIG")))) -> OK | C36: =IF($B36<>"OK","",IF(Eingaben!$B$5="Report",Reportdaten!C36,SUMIFS(Intervalle!$C$2886:$C$2981,Intervalle!$F$2886:$F$2981,"GO",Intervalle!$G$2886:$G$2981,"NT"))) -> 0.065 | D36: =IF($B36<>"OK","",IF(Eingaben!$B$5="Report",Reportdaten!D36,SUMIFS(Intervalle!$C$2886:$C$2981,Intervalle!$F$2886:$F$2981,"GO",Intervalle!$G$2886:$G$2981,"ST"))) -> 0 | E36: =IF($B36<>"OK","",IF(Eingaben!$B$5="Report",Reportdaten!E36,SUMIFS(Intervalle!$C$2886:$C$2981,Intervalle!$F$2886:$F$2981,"GO",Intervalle!$G$2886:$G$2981,"HT"))) -> 0 | F36: =IF($B36<>"OK","",IF(Eingaben!$B$5="Report",Reportdaten!F36,SUMIFS(Intervalle!$C$2886:$C$2981,Intervalle!$F$2886:$F$2981,"STANDARD",Intervalle!$G$2886:$G$2981,"NT"))) -> 0.022 | G36: =IF($B36<>"OK","",IF(Eingaben!$B$5="Report",Reportdaten!G36,SUMIFS(Intervalle!$C$2886:$C$2981,Intervalle!$F$2886:$F$2981,"STANDARD",Intervalle!$G$2886:$G$2981,"ST"))) -> 0.12 | H36: =IF($B36<>"OK","",IF(Eingaben!$B$5="Report",Reportdaten!H36,SUMIFS(Intervalle!$C$2886:$C$2981,Intervalle!$F$2886:$F$2981,"STANDARD",Intervalle!$G$2886:$G$2981,"HT"))) -> 0.329 | I36: =IF($B36<>"OK","",IF(Eingaben!$B$5="Report",Reportdaten!I36,SUMIFS(Intervalle!$C$2886:$C$2981,Intervalle!$F$2886:$F$2981,"HEAT",Intervalle!$G$2886:$G$2981,"NT"))) -> 0 | J36: =IF($B36<>"OK","",IF(Eingaben!$B$5="Report",Reportdaten!J36,SUMIFS(Intervalle!$C$2886:$C$2981,Intervalle!$F$2886:$F$2981,"HEAT",Intervalle!$G$2886:$G$2981,"ST"))) -> 0 | K36: =IF($B36<>"OK","",IF(Eingaben!$B$5="Report",Reportdaten!K36,SUMIFS(Intervalle!$C$2886:$C$2981,Intervalle!$F$2886:$F$2981,"HEAT",Intervalle!$G$2886:$G$2981,"HT"))) -> 0 | L36: =IF($B36<>"OK","",SUM(C36:K36)) -> 0.536 | M36: =IF($B36<>"OK","",SUM(C36:E36)) -> 0.065 | N36: =IF($B36<>"OK","",SUM(F36:H36)) -> 0.471 | O36: =IF($B36<>"OK","",SUM(I36:K36)) -> 0 | P36: =IF($B36<>"OK","",C36+F36+I36) -> 0.087 | Q36: =IF($B36<>"OK","",D36+G36+J36) -> 0.12 | R36: =IF($B36<>"OK","",E36+H36+K36) -> 0.329 | S36: =IF($B36<>"OK","",M36*Eingaben!$B$11/100) -> 0.00979251 | T36: =IF($B36<>"OK","",N36*Eingaben!$B$12/100) -> 0.13317242 | U36: =IF($B36<>"OK","",IF(O36=0,0,O36*Eingaben!$B$13/100)) -> 0 | V36: =IF($B36<>"OK","",IF(Eingaben!$B$15="Zeitanteilig",Eingaben!$B$14*12/365,Eingaben!$B$14/Eingaben!$B$25)) -> 0.58352384 | W36: =IF($B36<>"OK","",L36*(IF(A36<Eingaben!$B$18,Eingaben!$B$9,Eingaben!$B$10)-Eingaben!$B$8)*(1+Eingaben!$B$7)/100) -> 0 | X36: =IF($B36<>"OK","",IF(A36>=Eingaben!$B$17,-Eingaben!$B$16*(1+Eingaben!$B$7)/Eingaben!$B$26,0)) -> -0.35318548 | Y36: =IF($B36<>"OK","",-L36*IF(A36<Eingaben!$B$18,Eingaben!$B$9,Eingaben!$B$10)*(1+Eingaben!$B$7)/100) -> -0.04879476 | Z36: =IF($B36<>"OK","",IF(A36<Eingaben!$B$18,P36*Eingaben!$B$9/100,IF(Eingaben!$B$5="Report",P36*Eingaben!$B$30/100,SUMIFS(Intervalle!$K$2886:$K$2981,Intervalle!$G$2886:$G$2981,"NT")))*(1+Eingaben!$B$7)) -> 0.001697892 | AA36: =IF($B36<>"OK","",IF(A36<Eingaben!$B$18,Q36*Eingaben!$B$9/100,IF(Eingaben!$B$5="Report",Q36*Eingaben!$B$31/100,SUMIFS(Intervalle!$K$2886:$K$2981,Intervalle!$G$2886:$G$2981,"ST")))*(1+Eingaben!$B$7)) -> 0.00782544 | AB36: =IF($B36<>"OK","",IF(A36<Eingaben!$B$18,R36*Eingaben!$B$9/100,IF(Eingaben!$B$5="Report",R36*Eingaben!$B$32/100,SUMIFS(Intervalle!$K$2886:$K$2981,Intervalle!$G$2886:$G$2981,"HT")))*(1+Eingaben!$B$7)) -> 0.041186852 | AC36: =IF($B36<>"OK","",-SUM(Y36:AB36)) -> -0.001915424 | AD36: =IF($B36<>"OK","",SUM(S36:AB36)) -> 0.37521871 | AE36: =IF($B36<>"OK","",IF(Eingaben!$B$5="Report",Reportdaten!L36,"")) -> 0.38 | AF36: =IF($B36<>"OK","",IF(Eingaben!$B$5="Report",AD36-AE36,"")) -> -0.0047812858
A39: Monatssumme | B39: =IF(COUNTIF(B6:B36,"OK")=Eingaben!B25,"OK","UNVOLLSTAENDIG") -> OK | C39: =IF($B$39<>"OK","",SUM(C6:C36)) -> 3.199 | D39: =IF($B$39<>"OK","",SUM(D6:D36)) -> 0 | E39: =IF($B$39<>"OK","",SUM(E6:E36)) -> 0 | F39: =IF($B$39<>"OK","",SUM(F6:F36)) -> 1.581 | G39: =IF($B$39<>"OK","",SUM(G6:G36)) -> 4.493 | H39: =IF($B$39<>"OK","",SUM(H6:H36)) -> 3.123 | I39: =IF($B$39<>"OK","",SUM(I6:I36)) -> 0 | J39: =IF($B$39<>"OK","",SUM(J6:J36)) -> 0 | ... AF39: =IF($B$39<>"OK","",SUM(AF6:AF36)) -> -0.028395985

Sheet 96 Werte
A1: Echte Viertelstundenwerte - ein Monat, 96 Spalten pro Tag
A2: Die CSV enthaelt KEINE Viertelstundenmesswerte. Deshalb sind alle 2.976 Eingabefelder absichtlich leer. kWh je Intervall eintragen (keine Zaehlerstaende). Danach Eingaben!B5 auf Viertelstunden setzen. 0 ist ein gueltiger Messwert; leer ist fehlend.
A5: Datum | B5: 00:00 | C5: 00:15 | D5: 00:30 | E5: 00:45 | F5: 01:00 | G5: 01:15 | H5: 01:30 | I5: 01:45 | J5: 02:00 | K5: 02:15 | L5: 02:30 | M5: 02:45 | N5: 03:00 | O5: 03:15 | P5: 03:30 | Q5: 03:45 | R5: 04:00 | S5: 04:15 | T5: 04:30 | U5: 04:45 | V5: 05:00 | W5: 05:15 | X5: 05:30 | Y5: 05:45 | Z5: 06:00 | AA5: 06:15 | AB5: 06:30 | AC5: 06:45 | AD5: 07:00 | AE5: 07:15 | AF5: 07:30 | AG5: 07:45 | AH5: 08:00 | AI5: 08:15 | AJ5: 08:30 | AK5: 08:45 | AL5: 09:00 | AM5: 09:15 | AN5: 09:30 | AO5: 09:45 | AP5: 10:00 | AQ5: 10:15 | AR5: 10:30 | AS5: 10:45 | AT5: 11:00 | AU5: 11:15 | AV5: 11:30 | AW5: 11:45 | AX5: 12:00 | AY5: 12:15 | AZ5: 12:30 | BA5: 12:45 | BB5: 13:00 | BC5: 13:15 | BD5: 13:30 | BE5: 13:45 | BF5: 14:00 | BG5: 14:15 | BH5: 14:30 | BI5: 14:45 | BJ5: 15:00 | BK5: 15:15 | BL5: 15:30 | BM5: 15:45 | BN5: 16:00 | BO5: 16:15 | BP5: 16:30 | BQ5: 16:45 | BR5: 17:00 | BS5: 17:15 | BT5: 17:30 | BU5: 17:45 | BV5: 18:00 | BW5: 18:15 | BX5: 18:30 | BY5: 18:45 | BZ5: 19:00 | CA5: 19:15 | CB5: 19:30 | CC5: 19:45 | CD5: 20:00 | CE5: 20:15 | CF5: 20:30 | CG5: 20:45 | CH5: 21:00 | CI5: 21:15 | CJ5: 21:30 | CK5: 21:45 | CL5: 22:00 | CM5: 22:15 | CN5: 22:30 | CO5: 22:45 | CP5: 23:00 | CQ5: 23:15 | CR5: 23:30 | CS5: 23:45 | CT5: Anzahl Werte | CU5: Datenstatus
A6: 46143 | CT6: =COUNT(B6:CS6) -> 0 | CU6: =IF(CT6=96,"VOLLSTAENDIG","UNVOLLSTAENDIG") -> UNVOLLSTAENDIG
A7: 46144 | CT7: =COUNT(B7:CS7) -> 0 | CU7: =IF(CT7=96,"VOLLSTAENDIG","UNVOLLSTAENDIG") -> UNVOLLSTAENDIG
A8: 46145 | CT8: =COUNT(B8:CS8) -> 0 | CU8: =IF(CT8=96,"VOLLSTAENDIG","UNVOLLSTAENDIG") -> UNVOLLSTAENDIG
A9: 46146 | CT9: =COUNT(B9:CS9) -> 0 | CU9: =IF(CT9=96,"VOLLSTAENDIG","UNVOLLSTAENDIG") -> UNVOLLSTAENDIG
A10: 46147 | CT10: =COUNT(B10:CS10) -> 0 | CU10: =IF(CT10=96,"VOLLSTAENDIG","UNVOLLSTAENDIG") -> UNVOLLSTAENDIG
A11: 46148 | CT11: =COUNT(B11:CS11) -> 0 | CU11: =IF(CT11=96,"VOLLSTAENDIG","UNVOLLSTAENDIG") -> UNVOLLSTAENDIG
A12: 46149 | CT12: =COUNT(B12:CS12) -> 0 | CU12: =IF(CT12=96,"VOLLSTAENDIG","UNVOLLSTAENDIG") -> UNVOLLSTAENDIG
A13: 46150 | CT13: =COUNT(B13:CS13) -> 0 | CU13: =IF(CT13=96,"VOLLSTAENDIG","UNVOLLSTAENDIG") -> UNVOLLSTAENDIG
A14: 46151 | CT14: =COUNT(B14:CS14) -> 0 | CU14: =IF(CT14=96,"VOLLSTAENDIG","UNVOLLSTAENDIG") -> UNVOLLSTAENDIG
A15: 46152 | CT15: =COUNT(B15:CS15) -> 0 | CU15: =IF(CT15=96,"VOLLSTAENDIG","UNVOLLSTAENDIG") -> UNVOLLSTAENDIG
A16: 46153 | CT16: =COUNT(B16:CS16) -> 0 | CU16: =IF(CT16=96,"VOLLSTAENDIG","UNVOLLSTAENDIG") -> UNVOLLSTAENDIG
A17: 46154 | CT17: =COUNT(B17:CS17) -> 0 | CU17: =IF(CT17=96,"VOLLSTAENDIG","UNVOLLSTAENDIG") -> UNVOLLSTAENDIG
... A36: 46173 | CT36: =COUNT(B36:CS36) -> 0 | CU36: =IF(CT36=96,"VOLLSTAENDIG","UNVOLLSTAENDIG") -> UNVOLLSTAENDIG

Sheet Intervalle
A1: Viertelstunden - Tarif und Netzband getrennt zugeordnet
A2: Nur Viertelstundenmodus. Tarif-Override (blau) fuer echte Intelligent-GO-Slots oder HEAT setzen, nicht aus Tageswerten rekonstruieren. Netzzeiten werden unabhaengig vom Stromtarif angewendet.
A5: Datum | B5: Zeit ab | C5: Verbrauch kWh | D5: Tarif automatisch | E5: Tarif-Override | F5: Tarif effektiv | G5: Netzband | H5: AP brutto ct/kWh | I5: Netz netto ct/kWh | J5: Intervallstatus | K5: Netzkosten netto EUR
A6: 46143 | B6: 0 | C6: =IF('96 Werte'!B6="","",'96 Werte'!B6) | D6: =IF(IF(Eingaben!$B$21<Eingaben!$B$22,AND(B6>=Eingaben!$B$21,B6<Eingaben!$B$22),OR(B6>=Eingaben!$B$21,B6<Eingaben!$B$22)),"GO",IF(AND(ISNUMBER(Eingaben!$B$23),ISNUMBER(Eingaben!$B$24),IF(Eingaben!$B$23<Eingaben!$B$24,AND(B6>=Eingaben!$B$23,B6<Eingaben!$B$24),OR(B6>=Eingaben!$B$23,B6<Eingaben!$B$24))),"HEAT","STANDARD")) -> GO | F6: =IF(E6="",D6,E6) -> GO | G6: =INDEX(Netzzeiten!$B$6:$B$29,HOUR(B6)+1) -> NT | H6: =IF(F6="GO",Eingaben!$B$11,IF(F6="STANDARD",Eingaben!$B$12,IF(AND(F6="HEAT",ISNUMBER(Eingaben!$B$13)),Eingaben!$B$13,""))) -> 15.0654 | I6: =INDEX(Netzzeiten!$C$6:$C$29,HOUR(B6)+1) -> 1.64 | J6: =IF(C6="","FEHLT",IF(NOT(ISNUMBER(C6)),"MESSWERT UNGUELTIG",IF(C6<0,"MESSWERT UNGUELTIG",IF(H6="","TARIFPREIS FEHLT","OK")))) -> FEHLT | K6: =IF(J6<>"OK","",C6*I6/100)
A7: 46143 | B7: 0.010416667 | C7: =IF('96 Werte'!C6="","",'96 Werte'!C6) | D7: =IF(IF(Eingaben!$B$21<Eingaben!$B$22,AND(B7>=Eingaben!$B$21,B7<Eingaben!$B$22),OR(B7>=Eingaben!$B$21,B7<Eingaben!$B$22)),"GO",IF(AND(ISNUMBER(Eingaben!$B$23),ISNUMBER(Eingaben!$B$24),IF(Eingaben!$B$23<Eingaben!$B$24,AND(B7>=Eingaben!$B$23,B7<Eingaben!$B$24),OR(B7>=Eingaben!$B$23,B7<Eingaben!$B$24))),"HEAT","STANDARD")) -> GO | F7: =IF(E7="",D7,E7) -> GO | G7: =INDEX(Netzzeiten!$B$6:$B$29,HOUR(B7)+1) -> NT | H7: =IF(F7="GO",Eingaben!$B$11,IF(F7="STANDARD",Eingaben!$B$12,IF(AND(F7="HEAT",ISNUMBER(Eingaben!$B$13)),Eingaben!$B$13,""))) -> 15.0654 | I7: =INDEX(Netzzeiten!$C$6:$C$29,HOUR(B7)+1) -> 1.64 | J7: =IF(C7="","FEHLT",IF(NOT(ISNUMBER(C7)),"MESSWERT UNGUELTIG",IF(C7<0,"MESSWERT UNGUELTIG",IF(H7="","TARIFPREIS FEHLT","OK")))) -> FEHLT | K7: =IF(J7<>"OK","",C7*I7/100)
A8: 46143 | B8: 0.020833333 | C8: =IF('96 Werte'!D6="","",'96 Werte'!D6) | D8: =IF(IF(Eingaben!$B$21<Eingaben!$B$22,AND(B8>=Eingaben!$B$21,B8<Eingaben!$B$22),OR(B8>=Eingaben!$B$21,B8<Eingaben!$B$22)),"GO",IF(AND(ISNUMBER(Eingaben!$B$23),ISNUMBER(Eingaben!$B$24),IF(Eingaben!$B$23<Eingaben!$B$24,AND(B8>=Eingaben!$B$23,B8<Eingaben!$B$24),OR(B8>=Eingaben!$B$23,B8<Eingaben!$B$24))),"HEAT","STANDARD")) -> GO | F8: =IF(E8="",D8,E8) -> GO | G8: =INDEX(Netzzeiten!$B$6:$B$29,HOUR(B8)+1) -> NT | H8: =IF(F8="GO",Eingaben!$B$11,IF(F8="STANDARD",Eingaben!$B$12,IF(AND(F8="HEAT",ISNUMBER(Eingaben!$B$13)),Eingaben!$B$13,""))) -> 15.0654 | I8: =INDEX(Netzzeiten!$C$6:$C$29,HOUR(B8)+1) -> 1.64 | J8: =IF(C8="","FEHLT",IF(NOT(ISNUMBER(C8)),"MESSWERT UNGUELTIG",IF(C8<0,"MESSWERT UNGUELTIG",IF(H8="","TARIFPREIS FEHLT","OK")))) -> FEHLT | K8: =IF(J8<>"OK","",C8*I8/100)
A9: 46143 | B9: 0.03125 | C9: =IF('96 Werte'!E6="","",'96 Werte'!E6) | D9: =IF(IF(Eingaben!$B$21<Eingaben!$B$22,AND(B9>=Eingaben!$B$21,B9<Eingaben!$B$22),OR(B9>=Eingaben!$B$21,B9<Eingaben!$B$22)),"GO",IF(AND(ISNUMBER(Eingaben!$B$23),ISNUMBER(Eingaben!$B$24),IF(Eingaben!$B$23<Eingaben!$B$24,AND(B9>=Eingaben!$B$23,B9<Eingaben!$B$24),OR(B9>=Eingaben!$B$23,B9<Eingaben!$B$24))),"HEAT","STANDARD")) -> GO | F9: =IF(E9="",D9,E9) -> GO | G9: =INDEX(Netzzeiten!$B$6:$B$29,HOUR(B9)+1) -> NT | H9: =IF(F9="GO",Eingaben!$B$11,IF(F9="STANDARD",Eingaben!$B$12,IF(AND(F9="HEAT",ISNUMBER(Eingaben!$B$13)),Eingaben!$B$13,""))) -> 15.0654 | I9: =INDEX(Netzzeiten!$C$6:$C$29,HOUR(B9)+1) -> 1.64 | J9: =IF(C9="","FEHLT",IF(NOT(ISNUMBER(C9)),"MESSWERT UNGUELTIG",IF(C9<0,"MESSWERT UNGUELTIG",IF(H9="","TARIFPREIS FEHLT","OK")))) -> FEHLT | K9: =IF(J9<>"OK","",C9*I9/100)
A10: 46143 | B10: 0.041666667 | C10: =IF('96 Werte'!F6="","",'96 Werte'!F6) | D10: =IF(IF(Eingaben!$B$21<Eingaben!$B$22,AND(B10>=Eingaben!$B$21,B10<Eingaben!$B$22),OR(B10>=Eingaben!$B$21,B10<Eingaben!$B$22)),"GO",IF(AND(ISNUMBER(Eingaben!$B$23),ISNUMBER(Eingaben!$B$24),IF(Eingaben!$B$23<Eingaben!$B$24,AND(B10>=Eingaben!$B$23,B10<Eingaben!$B$24),OR(B10>=Eingaben!$B$23,B10<Eingaben!$B$24))),"HEAT","STANDARD")) -> GO | F10: =IF(E10="",D10,E10) -> GO | G10: =INDEX(Netzzeiten!$B$6:$B$29,HOUR(B10)+1) -> NT | H10: =IF(F10="GO",Eingaben!$B$11,IF(F10="STANDARD",Eingaben!$B$12,IF(AND(F10="HEAT",ISNUMBER(Eingaben!$B$13)),Eingaben!$B$13,""))) -> 15.0654 | I10: =INDEX(Netzzeiten!$C$6:$C$29,HOUR(B10)+1) -> 1.64 | J10: =IF(C10="","FEHLT",IF(NOT(ISNUMBER(C10)),"MESSWERT UNGUELTIG",IF(C10<0,"MESSWERT UNGUELTIG",IF(H10="","TARIFPREIS FEHLT","OK")))) -> FEHLT | K10: =IF(J10<>"OK","",C10*I10/100)
A11: 46143 | B11: 0.052083333 | C11: =IF('96 Werte'!G6="","",'96 Werte'!G6) | D11: =IF(IF(Eingaben!$B$21<Eingaben!$B$22,AND(B11>=Eingaben!$B$21,B11<Eingaben!$B$22),OR(B11>=Eingaben!$B$21,B11<Eingaben!$B$22)),"GO",IF(AND(ISNUMBER(Eingaben!$B$23),ISNUMBER(Eingaben!$B$24),IF(Eingaben!$B$23<Eingaben!$B$24,AND(B11>=Eingaben!$B$23,B11<Eingaben!$B$24),OR(B11>=Eingaben!$B$23,B11<Eingaben!$B$24))),"HEAT","STANDARD")) -> GO | F11: =IF(E11="",D11,E11) -> GO | G11: =INDEX(Netzzeiten!$B$6:$B$29,HOUR(B11)+1) -> NT | H11: =IF(F11="GO",Eingaben!$B$11,IF(F11="STANDARD",Eingaben!$B$12,IF(AND(F11="HEAT",ISNUMBER(Eingaben!$B$13)),Eingaben!$B$13,""))) -> 15.0654 | I11: =INDEX(Netzzeiten!$C$6:$C$29,HOUR(B11)+1) -> 1.64 | J11: =IF(C11="","FEHLT",IF(NOT(ISNUMBER(C11)),"MESSWERT UNGUELTIG",IF(C11<0,"MESSWERT UNGUELTIG",IF(H11="","TARIFPREIS FEHLT","OK")))) -> FEHLT | K11: =IF(J11<>"OK","",C11*I11/100)
A12: 46143 | B12: 0.0625 | C12: =IF('96 Werte'!H6="","",'96 Werte'!H6) | D12: =IF(IF(Eingaben!$B$21<Eingaben!$B$22,AND(B12>=Eingaben!$B$21,B12<Eingaben!$B$22),OR(B12>=Eingaben!$B$21,B12<Eingaben!$B$22)),"GO",IF(AND(ISNUMBER(Eingaben!$B$23),ISNUMBER(Eingaben!$B$24),IF(Eingaben!$B$23<Eingaben!$B$24,AND(B12>=Eingaben!$B$23,B12<Eingaben!$B$24),OR(B12>=Eingaben!$B$23,B12<Eingaben!$B$24))),"HEAT","STANDARD")) -> GO | F12: =IF(E12="",D12,E12) -> GO | G12: =INDEX(Netzzeiten!$B$6:$B$29,HOUR(B12)+1) -> NT | H12: =IF(F12="GO",Eingaben!$B$11,IF(F12="STANDARD",Eingaben!$B$12,IF(AND(F12="HEAT",ISNUMBER(Eingaben!$B$13)),Eingaben!$B$13,""))) -> 15.0654 | I12: =INDEX(Netzzeiten!$C$6:$C$29,HOUR(B12)+1) -> 1.64 | J12: =IF(C12="","FEHLT",IF(NOT(ISNUMBER(C12)),"MESSWERT UNGUELTIG",IF(C12<0,"MESSWERT UNGUELTIG",IF(H12="","TARIFPREIS FEHLT","OK")))) -> FEHLT | K12: =IF(J12<>"OK","",C12*I12/100)
A13: 46143 | B13: 0.072916667 | C13: =IF('96 Werte'!I6="","",'96 Werte'!I6) | D13: =IF(IF(Eingaben!$B$21<Eingaben!$B$22,AND(B13>=Eingaben!$B$21,B13<Eingaben!$B$22),OR(B13>=Eingaben!$B$21,B13<Eingaben!$B$22)),"GO",IF(AND(ISNUMBER(Eingaben!$B$23),ISNUMBER(Eingaben!$B$24),IF(Eingaben!$B$23<Eingaben!$B$24,AND(B13>=Eingaben!$B$23,B13<Eingaben!$B$24),OR(B13>=Eingaben!$B$23,B13<Eingaben!$B$24))),"HEAT","STANDARD")) -> GO | F13: =IF(E13="",D13,E13) -> GO | G13: =INDEX(Netzzeiten!$B$6:$B$29,HOUR(B13)+1) -> NT | H13: =IF(F13="GO",Eingaben!$B$11,IF(F13="STANDARD",Eingaben!$B$12,IF(AND(F13="HEAT",ISNUMBER(Eingaben!$B$13)),Eingaben!$B$13,""))) -> 15.0654 | I13: =INDEX(Netzzeiten!$C$6:$C$29,HOUR(B13)+1) -> 1.64 | J13: =IF(C13="","FEHLT",IF(NOT(ISNUMBER(C13)),"MESSWERT UNGUELTIG",IF(C13<0,"MESSWERT UNGUELTIG",IF(H13="","TARIFPREIS FEHLT","OK")))) -> FEHLT | K13: =IF(J13<>"OK","",C13*I13/100)
A14: 46143 | B14: 0.083333333 | C14: =IF('96 Werte'!J6="","",'96 Werte'!J6) | D14: =IF(IF(Eingaben!$B$21<Eingaben!$B$22,AND(B14>=Eingaben!$B$21,B14<Eingaben!$B$22),OR(B14>=Eingaben!$B$21,B14<Eingaben!$B$22)),"GO",IF(AND(ISNUMBER(Eingaben!$B$23),ISNUMBER(Eingaben!$B$24),IF(Eingaben!$B$23<Eingaben!$B$24,AND(B14>=Eingaben!$B$23,B14<Eingaben!$B$24),OR(B14>=Eingaben!$B$23,B14<Eingaben!$B$24))),"HEAT","STANDARD")) -> GO | F14: =IF(E14="",D14,E14) -> GO | G14: =INDEX(Netzzeiten!$B$6:$B$29,HOUR(B14)+1) -> NT | H14: =IF(F14="GO",Eingaben!$B$11,IF(F14="STANDARD",Eingaben!$B$12,IF(AND(F14="HEAT",ISNUMBER(Eingaben!$B$13)),Eingaben!$B$13,""))) -> 15.0654 | I14: =INDEX(Netzzeiten!$C$6:$C$29,HOUR(B14)+1) -> 1.64 | J14: =IF(C14="","FEHLT",IF(NOT(ISNUMBER(C14)),"MESSWERT UNGUELTIG",IF(C14<0,"MESSWERT UNGUELTIG",IF(H14="","TARIFPREIS FEHLT","OK")))) -> FEHLT | K14: =IF(J14<>"OK","",C14*I14/100)
A15: 46143 | B15: 0.09375 | C15: =IF('96 Werte'!K6="","",'96 Werte'!K6) | D15: =IF(IF(Eingaben!$B$21<Eingaben!$B$22,AND(B15>=Eingaben!$B$21,B15<Eingaben!$B$22),OR(B15>=Eingaben!$B$21,B15<Eingaben!$B$22)),"GO",IF(AND(ISNUMBER(Eingaben!$B$23),ISNUMBER(Eingaben!$B$24),IF(Eingaben!$B$23<Eingaben!$B$24,AND(B15>=Eingaben!$B$23,B15<Eingaben!$B$24),OR(B15>=Eingaben!$B$23,B15<Eingaben!$B$24))),"HEAT","STANDARD")) -> GO | F15: =IF(E15="",D15,E15) -> GO | G15: =INDEX(Netzzeiten!$B$6:$B$29,HOUR(B15)+1) -> NT | H15: =IF(F15="GO",Eingaben!$B$11,IF(F15="STANDARD",Eingaben!$B$12,IF(AND(F15="HEAT",ISNUMBER(Eingaben!$B$13)),Eingaben!$B$13,""))) -> 15.0654 | I15: =INDEX(Netzzeiten!$C$6:$C$29,HOUR(B15)+1) -> 1.64 | J15: =IF(C15="","FEHLT",IF(NOT(ISNUMBER(C15)),"MESSWERT UNGUELTIG",IF(C15<0,"MESSWERT UNGUELTIG",IF(H15="","TARIFPREIS FEHLT","OK")))) -> FEHLT | K15: =IF(J15<>"OK","",C15*I15/100)
A16: 46143 | B16: 0.10416667 | C16: =IF('96 Werte'!L6="","",'96 Werte'!L6) | D16: =IF(IF(Eingaben!$B$21<Eingaben!$B$22,AND(B16>=Eingaben!$B$21,B16<Eingaben!$B$22),OR(B16>=Eingaben!$B$21,B16<Eingaben!$B$22)),"GO",IF(AND(ISNUMBER(Eingaben!$B$23),ISNUMBER(Eingaben!$B$24),IF(Eingaben!$B$23<Eingaben!$B$24,AND(B16>=Eingaben!$B$23,B16<Eingaben!$B$24),OR(B16>=Eingaben!$B$23,B16<Eingaben!$B$24))),"HEAT","STANDARD")) -> GO | F16: =IF(E16="",D16,E16) -> GO | G16: =INDEX(Netzzeiten!$B$6:$B$29,HOUR(B16)+1) -> NT | H16: =IF(F16="GO",Eingaben!$B$11,IF(F16="STANDARD",Eingaben!$B$12,IF(AND(F16="HEAT",ISNUMBER(Eingaben!$B$13)),Eingaben!$B$13,""))) -> 15.0654 | I16: =INDEX(Netzzeiten!$C$6:$C$29,HOUR(B16)+1) -> 1.64 | J16: =IF(C16="","FEHLT",IF(NOT(ISNUMBER(C16)),"MESSWERT UNGUELTIG",IF(C16<0,"MESSWERT UNGUELTIG",IF(H16="","TARIFPREIS FEHLT","OK")))) -> FEHLT | K16: =IF(J16<>"OK","",C16*I16/100)
A17: 46143 | B17: 0.11458333 | C17: =IF('96 Werte'!M6="","",'96 Werte'!M6) | D17: =IF(IF(Eingaben!$B$21<Eingaben!$B$22,AND(B17>=Eingaben!$B$21,B17<Eingaben!$B$22),OR(B17>=Eingaben!$B$21,B17<Eingaben!$B$22)),"GO",IF(AND(ISNUMBER(Eingaben!$B$23),ISNUMBER(Eingaben!$B$24),IF(Eingaben!$B$23<Eingaben!$B$24,AND(B17>=Eingaben!$B$23,B17<Eingaben!$B$24),OR(B17>=Eingaben!$B$23,B17<Eingaben!$B$24))),"HEAT","STANDARD")) -> GO | F17: =IF(E17="",D17,E17) -> GO | G17: =INDEX(Netzzeiten!$B$6:$B$29,HOUR(B17)+1) -> NT | H17: =IF(F17="GO",Eingaben!$B$11,IF(F17="STANDARD",Eingaben!$B$12,IF(AND(F17="HEAT",ISNUMBER(Eingaben!$B$13)),Eingaben!$B$13,""))) -> 15.0654 | I17: =INDEX(Netzzeiten!$C$6:$C$29,HOUR(B17)+1) -> 1.64 | J17: =IF(C17="","FEHLT",IF(NOT(ISNUMBER(C17)),"MESSWERT UNGUELTIG",IF(C17<0,"MESSWERT UNGUELTIG",IF(H17="","TARIFPREIS FEHLT","OK")))) -> FEHLT | K17: =IF(J17<>"OK","",C17*I17/100)
A18: 46143 | B18: 0.125 | C18: =IF('96 Werte'!N6="","",'96 Werte'!N6) | D18: =IF(IF(Eingaben!$B$21<Eingaben!$B$22,AND(B18>=Eingaben!$B$21,B18<Eingaben!$B$22),OR(B18>=Eingaben!$B$21,B18<Eingaben!$B$22)),"GO",IF(AND(ISNUMBER(Eingaben!$B$23),ISNUMBER(Eingaben!$B$24),IF(Eingaben!$B$23<Eingaben!$B$24,AND(B18>=Eingaben!$B$23,B18<Eingaben!$B$24),OR(B18>=Eingaben!$B$23,B18<Eingaben!$B$24))),"HEAT","STANDARD")) -> GO | F18: =IF(E18="",D18,E18) -> GO | G18: =INDEX(Netzzeiten!$B$6:$B$29,HOUR(B18)+1) -> NT | H18: =IF(F18="GO",Eingaben!$B$11,IF(F18="STANDARD",Eingaben!$B$12,IF(AND(F18="HEAT",ISNUMBER(Eingaben!$B$13)),Eingaben!$B$13,""))) -> 15.0654 | I18: =INDEX(Netzzeiten!$C$6:$C$29,HOUR(B18)+1) -> 1.64 | J18: =IF(C18="","FEHLT",IF(NOT(ISNUMBER(C18)),"MESSWERT UNGUELTIG",IF(C18<0,"MESSWERT UNGUELTIG",IF(H18="","TARIFPREIS FEHLT","OK")))) -> FEHLT | K18: =IF(J18<>"OK","",C18*I18/100)
A19: 46143 | B19: 0.13541667 | C19: =IF('96 Werte'!O6="","",'96 Werte'!O6) | D19: =IF(IF(Eingaben!$B$21<Eingaben!$B$22,AND(B19>=Eingaben!$B$21,B19<Eingaben!$B$22),OR(B19>=Eingaben!$B$21,B19<Eingaben!$B$22)),"GO",IF(AND(ISNUMBER(Eingaben!$B$23),ISNUMBER(Eingaben!$B$24),IF(Eingaben!$B$23<Eingaben!$B$24,AND(B19>=Eingaben!$B$23,B19<Eingaben!$B$24),OR(B19>=Eingaben!$B$23,B19<Eingaben!$B$24))),"HEAT","STANDARD")) -> GO | F19: =IF(E19="",D19,E19) -> GO | G19: =INDEX(Netzzeiten!$B$6:$B$29,HOUR(B19)+1) -> NT | H19: =IF(F19="GO",Eingaben!$B$11,IF(F19="STANDARD",Eingaben!$B$12,IF(AND(F19="HEAT",ISNUMBER(Eingaben!$B$13)),Eingaben!$B$13,""))) -> 15.0654 | I19: =INDEX(Netzzeiten!$C$6:$C$29,HOUR(B19)+1) -> 1.64 | J19: =IF(C19="","FEHLT",IF(NOT(ISNUMBER(C19)),"MESSWERT UNGUELTIG",IF(C19<0,"MESSWERT UNGUELTIG",IF(H19="","TARIFPREIS FEHLT","OK")))) -> FEHLT | K19: =IF(J19<>"OK","",C19*I19/100)
A20: 46143 | B20: 0.14583333 | C20: =IF('96 Werte'!P6="","",'96 Werte'!P6) | D20: =IF(IF(Eingaben!$B$21<Eingaben!$B$22,AND(B20>=Eingaben!$B$21,B20<Eingaben!$B$22),OR(B20>=Eingaben!$B$21,B20<Eingaben!$B$22)),"GO",IF(AND(ISNUMBER(Eingaben!$B$23),ISNUMBER(Eingaben!$B$24),IF(Eingaben!$B$23<Eingaben!$B$24,AND(B20>=Eingaben!$B$23,B20<Eingaben!$B$24),OR(B20>=Eingaben!$B$23,B20<Eingaben!$B$24))),"HEAT","STANDARD")) -> GO | F20: =IF(E20="",D20,E20) -> GO | G20: =INDEX(Netzzeiten!$B$6:$B$29,HOUR(B20)+1) -> NT | H20: =IF(F20="GO",Eingaben!$B$11,IF(F20="STANDARD",Eingaben!$B$12,IF(AND(F20="HEAT",ISNUMBER(Eingaben!$B$13)),Eingaben!$B$13,""))) -> 15.0654 | I20: =INDEX(Netzzeiten!$C$6:$C$29,HOUR(B20)+1) -> 1.64 | J20: =IF(C20="","FEHLT",IF(NOT(ISNUMBER(C20)),"MESSWERT UNGUELTIG",IF(C20<0,"MESSWERT UNGUELTIG",IF(H20="","TARIFPREIS FEHLT","OK")))) -> FEHLT | K20: =IF(J20<>"OK","",C20*I20/100)
A21: 46143 | B21: 0.15625 | C21: =IF('96 Werte'!Q6="","",'96 Werte'!Q6) | D21: =IF(IF(Eingaben!$B$21<Eingaben!$B$22,AND(B21>=Eingaben!$B$21,B21<Eingaben!$B$22),OR(B21>=Eingaben!$B$21,B21<Eingaben!$B$22)),"GO",IF(AND(ISNUMBER(Eingaben!$B$23),ISNUMBER(Eingaben!$B$24),IF(Eingaben!$B$23<Eingaben!$B$24,AND(B21>=Eingaben!$B$23,B21<Eingaben!$B$24),OR(B21>=Eingaben!$B$23,B21<Eingaben!$B$24))),"HEAT","STANDARD")) -> GO | F21: =IF(E21="",D21,E21) -> GO | G21: =INDEX(Netzzeiten!$B$6:$B$29,HOUR(B21)+1) -> NT | H21: =IF(F21="GO",Eingaben!$B$11,IF(F21="STANDARD",Eingaben!$B$12,IF(AND(F21="HEAT",ISNUMBER(Eingaben!$B$13)),Eingaben!$B$13,""))) -> 15.0654 | I21: =INDEX(Netzzeiten!$C$6:$C$29,HOUR(B21)+1) -> 1.64 | J21: =IF(C21="","FEHLT",IF(NOT(ISNUMBER(C21)),"MESSWERT UNGUELTIG",IF(C21<0,"MESSWERT UNGUELTIG",IF(H21="","TARIFPREIS FEHLT","OK")))) -> FEHLT | K21: =IF(J21<>"OK","",C21*I21/100)
A22: 46143 | B22: 0.16666667 | C22: =IF('96 Werte'!R6="","",'96 Werte'!R6) | D22: =IF(IF(Eingaben!$B$21<Eingaben!$B$22,AND(B22>=Eingaben!$B$21,B22<Eingaben!$B$22),OR(B22>=Eingaben!$B$21,B22<Eingaben!$B$22)),"GO",IF(AND(ISNUMBER(Eingaben!$B$23),ISNUMBER(Eingaben!$B$24),IF(Eingaben!$B$23<Eingaben!$B$24,AND(B22>=Eingaben!$B$23,B22<Eingaben!$B$24),OR(B22>=Eingaben!$B$23,B22<Eingaben!$B$24))),"HEAT","STANDARD")) -> GO | F22: =IF(E22="",D22,E22) -> GO | G22: =INDEX(Netzzeiten!$B$6:$B$29,HOUR(B22)+1) -> NT | H22: =IF(F22="GO",Eingaben!$B$11,IF(F22="STANDARD",Eingaben!$B$12,IF(AND(F22="HEAT",ISNUMBER(Eingaben!$B$13)),Eingaben!$B$13,""))) -> 15.0654 | I22: =INDEX(Netzzeiten!$C$6:$C$29,HOUR(B22)+1) -> 1.64 | J22: =IF(C22="","FEHLT",IF(NOT(ISNUMBER(C22)),"MESSWERT UNGUELTIG",IF(C22<0,"MESSWERT UNGUELTIG",IF(H22="","TARIFPREIS FEHLT","OK")))) -> FEHLT | K22: =IF(J22<>"OK","",C22*I22/100)
A23: 46143 | B23: 0.17708333 | C23: =IF('96 Werte'!S6="","",'96 Werte'!S6) | D23: =IF(IF(Eingaben!$B$21<Eingaben!$B$22,AND(B23>=Eingaben!$B$21,B23<Eingaben!$B$22),OR(B23>=Eingaben!$B$21,B23<Eingaben!$B$22)),"GO",IF(AND(ISNUMBER(Eingaben!$B$23),ISNUMBER(Eingaben!$B$24),IF(Eingaben!$B$23<Eingaben!$B$24,AND(B23>=Eingaben!$B$23,B23<Eingaben!$B$24),OR(B23>=Eingaben!$B$23,B23<Eingaben!$B$24))),"HEAT","STANDARD")) -> GO | F23: =IF(E23="",D23,E23) -> GO | G23: =INDEX(Netzzeiten!$B$6:$B$29,HOUR(B23)+1) -> NT | H23: =IF(F23="GO",Eingaben!$B$11,IF(F23="STANDARD",Eingaben!$B$12,IF(AND(F23="HEAT",ISNUMBER(Eingaben!$B$13)),Eingaben!$B$13,""))) -> 15.0654 | I23: =INDEX(Netzzeiten!$C$6:$C$29,HOUR(B23)+1) -> 1.64 | J23: =IF(C23="","FEHLT",IF(NOT(ISNUMBER(C23)),"MESSWERT UNGUELTIG",IF(C23<0,"MESSWERT UNGUELTIG",IF(H23="","TARIFPREIS FEHLT","OK")))) -> FEHLT | K23: =IF(J23<>"OK","",C23*I23/100)
A24: 46143 | B24: 0.1875 | C24: =IF('96 Werte'!T6="","",'96 Werte'!T6) | D24: =IF(IF(Eingaben!$B$21<Eingaben!$B$22,AND(B24>=Eingaben!$B$21,B24<Eingaben!$B$22),OR(B24>=Eingaben!$B$21,B24<Eingaben!$B$22)),"GO",IF(AND(ISNUMBER(Eingaben!$B$23),ISNUMBER(Eingaben!$B$24),IF(Eingaben!$B$23<Eingaben!$B$24,AND(B24>=Eingaben!$B$23,B24<Eingaben!$B$24),OR(B24>=Eingaben!$B$23,B24<Eingaben!$B$24))),"HEAT","STANDARD")) -> GO | F24: =IF(E24="",D24,E24) -> GO | G24: =INDEX(Netzzeiten!$B$6:$B$29,HOUR(B24)+1) -> NT | H24: =IF(F24="GO",Eingaben!$B$11,IF(F24="STANDARD",Eingaben!$B$12,IF(AND(F24="HEAT",ISNUMBER(Eingaben!$B$13)),Eingaben!$B$13,""))) -> 15.0654 | I24: =INDEX(Netzzeiten!$C$6:$C$29,HOUR(B24)+1) -> 1.64 | J24: =IF(C24="","FEHLT",IF(NOT(ISNUMBER(C24)),"MESSWERT UNGUELTIG",IF(C24<0,"MESSWERT UNGUELTIG",IF(H24="","TARIFPREIS FEHLT","OK")))) -> FEHLT | K24: =IF(J24<>"OK","",C24*I24/100)
A25: 46143 | B25: 0.19791667 | C25: =IF('96 Werte'!U6="","",'96 Werte'!U6) | D25: =IF(IF(Eingaben!$B$21<Eingaben!$B$22,AND(B25>=Eingaben!$B$21,B25<Eingaben!$B$22),OR(B25>=Eingaben!$B$21,B25<Eingaben!$B$22)),"GO",IF(AND(ISNUMBER(Eingaben!$B$23),ISNUMBER(Eingaben!$B$24),IF(Eingaben!$B$23<Eingaben!$B$24,AND(B25>=Eingaben!$B$23,B25<Eingaben!$B$24),OR(B25>=Eingaben!$B$23,B25<Eingaben!$B$24))),"HEAT","STANDARD")) -> GO | F25: =IF(E25="",D25,E25) -> GO | G25: =INDEX(Netzzeiten!$B$6:$B$29,HOUR(B25)+1) -> NT | H25: =IF(F25="GO",Eingaben!$B$11,IF(F25="STANDARD",Eingaben!$B$12,IF(AND(F25="HEAT",ISNUMBER(Eingaben!$B$13)),Eingaben!$B$13,""))) -> 15.0654 | I25: =INDEX(Netzzeiten!$C$6:$C$29,HOUR(B25)+1) -> 1.64 | J25: =IF(C25="","FEHLT",IF(NOT(ISNUMBER(C25)),"MESSWERT UNGUELTIG",IF(C25<0,"MESSWERT UNGUELTIG",IF(H25="","TARIFPREIS FEHLT","OK")))) -> FEHLT | K25: =IF(J25<>"OK","",C25*I25/100)
A26: 46143 | B26: 0.20833333 | C26: =IF('96 Werte'!V6="","",'96 Werte'!V6) | D26: =IF(IF(Eingaben!$B$21<Eingaben!$B$22,AND(B26>=Eingaben!$B$21,B26<Eingaben!$B$22),OR(B26>=Eingaben!$B$21,B26<Eingaben!$B$22)),"GO",IF(AND(ISNUMBER(Eingaben!$B$23),ISNUMBER(Eingaben!$B$24),IF(Eingaben!$B$23<Eingaben!$B$24,AND(B26>=Eingaben!$B$23,B26<Eingaben!$B$24),OR(B26>=Eingaben!$B$23,B26<Eingaben!$B$24))),"HEAT","STANDARD")) -> STANDARD | F26: =IF(E26="",D26,E26) -> STANDARD | G26: =INDEX(Netzzeiten!$B$6:$B$29,HOUR(B26)+1) -> NT | H26: =IF(F26="GO",Eingaben!$B$11,IF(F26="STANDARD",Eingaben!$B$12,IF(AND(F26="HEAT",ISNUMBER(Eingaben!$B$13)),Eingaben!$B$13,""))) -> 28.2744 | I26: =INDEX(Netzzeiten!$C$6:$C$29,HOUR(B26)+1) -> 1.64 | J26: =IF(C26="","FEHLT",IF(NOT(ISNUMBER(C26)),"MESSWERT UNGUELTIG",IF(C26<0,"MESSWERT UNGUELTIG",IF(H26="","TARIFPREIS FEHLT","OK")))) -> FEHLT | K26: =IF(J26<>"OK","",C26*I26/100)
A27: 46143 | B27: 0.21875 | C27: =IF('96 Werte'!W6="","",'96 Werte'!W6) | D27: =IF(IF(Eingaben!$B$21<Eingaben!$B$22,AND(B27>=Eingaben!$B$21,B27<Eingaben!$B$22),OR(B27>=Eingaben!$B$21,B27<Eingaben!$B$22)),"GO",IF(AND(ISNUMBER(Eingaben!$B$23),ISNUMBER(Eingaben!$B$24),IF(Eingaben!$B$23<Eingaben!$B$24,AND(B27>=Eingaben!$B$23,B27<Eingaben!$B$24),OR(B27>=Eingaben!$B$23,B27<Eingaben!$B$24))),"HEAT","STANDARD")) -> STANDARD | F27: =IF(E27="",D27,E27) -> STANDARD | G27: =INDEX(Netzzeiten!$B$6:$B$29,HOUR(B27)+1) -> NT | H27: =IF(F27="GO",Eingaben!$B$11,IF(F27="STANDARD",Eingaben!$B$12,IF(AND(F27="HEAT",ISNUMBER(Eingaben!$B$13)),Eingaben!$B$13,""))) -> 28.2744 | I27: =INDEX(Netzzeiten!$C$6:$C$29,HOUR(B27)+1) -> 1.64 | J27: =IF(C27="","FEHLT",IF(NOT(ISNUMBER(C27)),"MESSWERT UNGUELTIG",IF(C27<0,"MESSWERT UNGUELTIG",IF(H27="","TARIFPREIS FEHLT","OK")))) -> FEHLT | K27: =IF(J27<>"OK","",C27*I27/100)
A28: 46143 | B28: 0.22916667 | C28: =IF('96 Werte'!X6="","",'96 Werte'!X6) | D28: =IF(IF(Eingaben!$B$21<Eingaben!$B$22,AND(B28>=Eingaben!$B$21,B28<Eingaben!$B$22),OR(B28>=Eingaben!$B$21,B28<Eingaben!$B$22)),"GO",IF(AND(ISNUMBER(Eingaben!$B$23),ISNUMBER(Eingaben!$B$24),IF(Eingaben!$B$23<Eingaben!$B$24,AND(B28>=Eingaben!$B$23,B28<Eingaben!$B$24),OR(B28>=Eingaben!$B$23,B28<Eingaben!$B$24))),"HEAT","STANDARD")) -> STANDARD | F28: =IF(E28="",D28,E28) -> STANDARD | G28: =INDEX(Netzzeiten!$B$6:$B$29,HOUR(B28)+1) -> NT | H28: =IF(F28="GO",Eingaben!$B$11,IF(F28="STANDARD",Eingaben!$B$12,IF(AND(F28="HEAT",ISNUMBER(Eingaben!$B$13)),Eingaben!$B$13,""))) -> 28.2744 | I28: =INDEX(Netzzeiten!$C$6:$C$29,HOUR(B28)+1) -> 1.64 | J28: =IF(C28="","FEHLT",IF(NOT(ISNUMBER(C28)),"MESSWERT UNGUELTIG",IF(C28<0,"MESSWERT UNGUELTIG",IF(H28="","TARIFPREIS FEHLT","OK")))) -> FEHLT | K28: =IF(J28<>"OK","",C28*I28/100)
A29: 46143 | B29: 0.23958333 | C29: =IF('96 Werte'!Y6="","",'96 Werte'!Y6) | D29: =IF(IF(Eingaben!$B$21<Eingaben!$B$22,AND(B29>=Eingaben!$B$21,B29<Eingaben!$B$22),OR(B29>=Eingaben!$B$21,B29<Eingaben!$B$22)),"GO",IF(AND(ISNUMBER(Eingaben!$B$23),ISNUMBER(Eingaben!$B$24),IF(Eingaben!$B$23<Eingaben!$B$24,AND(B29>=Eingaben!$B$23,B29<Eingaben!$B$24),OR(B29>=Eingaben!$B$23,B29<Eingaben!$B$24))),"HEAT","STANDARD")) -> STANDARD | F29: =IF(E29="",D29,E29) -> STANDARD | G29: =INDEX(Netzzeiten!$B$6:$B$29,HOUR(B29)+1) -> NT | H29: =IF(F29="GO",Eingaben!$B$11,IF(F29="STANDARD",Eingaben!$B$12,IF(AND(F29="HEAT",ISNUMBER(Eingaben!$B$13)),Eingaben!$B$13,""))) -> 28.2744 | I29: =INDEX(Netzzeiten!$C$6:$C$29,HOUR(B29)+1) -> 1.64 | J29: =IF(C29="","FEHLT",IF(NOT(ISNUMBER(C29)),"MESSWERT UNGUELTIG",IF(C29<0,"MESSWERT UNGUELTIG",IF(H29="","TARIFPREIS FEHLT","OK")))) -> FEHLT | K29: =IF(J29<>"OK","",C29*I29/100)
A30: 46143 | B30: 0.25 | C30: =IF('96 Werte'!Z6="","",'96 Werte'!Z6) | D30: =IF(IF(Eingaben!$B$21<Eingaben!$B$22,AND(B30>=Eingaben!$B$21,B30<Eingaben!$B$22),OR(B30>=Eingaben!$B$21,B30<Eingaben!$B$22)),"GO",IF(AND(ISNUMBER(Eingaben!$B$23),ISNUMBER(Eingaben!$B$24),IF(Eingaben!$B$23<Eingaben!$B$24,AND(B30>=Eingaben!$B$23,B30<Eingaben!$B$24),OR(B30>=Eingaben!$B$23,B30<Eingaben!$B$24))),"HEAT","STANDARD")) -> STANDARD | F30: =IF(E30="",D30,E30) -> STANDARD | G30: =INDEX(Netzzeiten!$B$6:$B$29,HOUR(B30)+1) -> ST | H30: =IF(F30="GO",Eingaben!$B$11,IF(F30="STANDARD",Eingaben!$B$12,IF(AND(F30="HEAT",ISNUMBER(Eingaben!$B$13)),Eingaben!$B$13,""))) -> 28.2744 | I30: =INDEX(Netzzeiten!$C$6:$C$29,HOUR(B30)+1) -> 5.48 | J30: =IF(C30="","FEHLT",IF(NOT(ISNUMBER(C30)),"MESSWERT UNGUELTIG",IF(C30<0,"MESSWERT UNGUELTIG",IF(H30="","TARIFPREIS FEHLT","OK")))) -> FEHLT | K30: =IF(J30<>"OK","",C30*I30/100)
A31: 46143 | B31: 0.26041667 | C31: =IF('96 Werte'!AA6="","",'96 Werte'!AA6) | D31: =IF(IF(Eingaben!$B$21<Eingaben!$B$22,AND(B31>=Eingaben!$B$21,B31<Eingaben!$B$22),OR(B31>=Eingaben!$B$21,B31<Eingaben!$B$22)),"GO",IF(AND(ISNUMBER(Eingaben!$B$23),ISNUMBER(Eingaben!$B$24),IF(Eingaben!$B$23<Eingaben!$B$24,AND(B31>=Eingaben!$B$23,B31<Eingaben!$B$24),OR(B31>=Eingaben!$B$23,B31<Eingaben!$B$24))),"HEAT","STANDARD")) -> STANDARD | F31: =IF(E31="",D31,E31) -> STANDARD | G31: =INDEX(Netzzeiten!$B$6:$B$29,HOUR(B31)+1) -> ST | H31: =IF(F31="GO",Eingaben!$B$11,IF(F31="STANDARD",Eingaben!$B$12,IF(AND(F31="HEAT",ISNUMBER(Eingaben!$B$13)),Eingaben!$B$13,""))) -> 28.2744 | I31: =INDEX(Netzzeiten!$C$6:$C$29,HOUR(B31)+1) -> 5.48 | J31: =IF(C31="","FEHLT",IF(NOT(ISNUMBER(C31)),"MESSWERT UNGUELTIG",IF(C31<0,"MESSWERT UNGUELTIG",IF(H31="","TARIFPREIS FEHLT","OK")))) -> FEHLT | K31: =IF(J31<>"OK","",C31*I31/100)
A32: 46143 | B32: 0.27083333 | C32: =IF('96 Werte'!AB6="","",'96 Werte'!AB6) | D32: =IF(IF(Eingaben!$B$21<Eingaben!$B$22,AND(B32>=Eingaben!$B$21,B32<Eingaben!$B$22),OR(B32>=Eingaben!$B$21,B32<Eingaben!$B$22)),"GO",IF(AND(ISNUMBER(Eingaben!$B$23),ISNUMBER(Eingaben!$B$24),IF(Eingaben!$B$23<Eingaben!$B$24,AND(B32>=Eingaben!$B$23,B32<Eingaben!$B$24),OR(B32>=Eingaben!$B$23,B32<Eingaben!$B$24))),"HEAT","STANDARD")) -> STANDARD | F32: =IF(E32="",D32,E32) -> STANDARD | G32: =INDEX(Netzzeiten!$B$6:$B$29,HOUR(B32)+1) -> ST | H32: =IF(F32="GO",Eingaben!$B$11,IF(F32="STANDARD",Eingaben!$B$12,IF(AND(F32="HEAT",ISNUMBER(Eingaben!$B$13)),Eingaben!$B$13,""))) -> 28.2744 | I32: =INDEX(Netzzeiten!$C$6:$C$29,HOUR(B32)+1) -> 5.48 | J32: =IF(C32="","FEHLT",IF(NOT(ISNUMBER(C32)),"MESSWERT UNGUELTIG",IF(C32<0,"MESSWERT UNGUELTIG",IF(H32="","TARIFPREIS FEHLT","OK")))) -> FEHLT | K32: =IF(J32<>"OK","",C32*I32/100)
A33: 46143 | B33: 0.28125 | C33: =IF('96 Werte'!AC6="","",'96 Werte'!AC6) | D33: =IF(IF(Eingaben!$B$21<Eingaben!$B$22,AND(B33>=Eingaben!$B$21,B33<Eingaben!$B$22),OR(B33>=Eingaben!$B$21,B33<Eingaben!$B$22)),"GO",IF(AND(ISNUMBER(Eingaben!$B$23),ISNUMBER(Eingaben!$B$24),IF(Eingaben!$B$23<Eingaben!$B$24,AND(B33>=Eingaben!$B$23,B33<Eingaben!$B$24),OR(B33>=Eingaben!$B$23,B33<Eingaben!$B$24))),"HEAT","STANDARD")) -> STANDARD | F33: =IF(E33="",D33,E33) -> STANDARD | G33: =INDEX(Netzzeiten!$B$6:$B$29,HOUR(B33)+1) -> ST | H33: =IF(F33="GO",Eingaben!$B$11,IF(F33="STANDARD",Eingaben!$B$12,IF(AND(F33="HEAT",ISNUMBER(Eingaben!$B$13)),Eingaben!$B$13,""))) -> 28.2744 | I33: =INDEX(Netzzeiten!$C$6:$C$29,HOUR(B33)+1) -> 5.48 | J33: =IF(C33="","FEHLT",IF(NOT(ISNUMBER(C33)),"MESSWERT UNGUELTIG",IF(C33<0,"MESSWERT UNGUELTIG",IF(H33="","TARIFPREIS FEHLT","OK")))) -> FEHLT | K33: =IF(J33<>"OK","",C33*I33/100)
A34: 46143 | B34: 0.29166667 | C34: =IF('96 Werte'!AD6="","",'96 Werte'!AD6) | D34: =IF(IF(Eingaben!$B$21<Eingaben!$B$22,AND(B34>=Eingaben!$B$21,B34<Eingaben!$B$22),OR(B34>=Eingaben!$B$21,B34<Eingaben!$B$22)),"GO",IF(AND(ISNUMBER(Eingaben!$B$23),ISNUMBER(Eingaben!$B$24),IF(Eingaben!$B$23<Eingaben!$B$24,AND(B34>=Eingaben!$B$23,B34<Eingaben!$B$24),OR(B34>=Eingaben!$B$23,B34<Eingaben!$B$24))),"HEAT","STANDARD")) -> STANDARD | F34: =IF(E34="",D34,E34) -> STANDARD | G34: =INDEX(Netzzeiten!$B$6:$B$29,HOUR(B34)+1) -> ST | H34: =IF(F34="GO",Eingaben!$B$11,IF(F34="STANDARD",Eingaben!$B$12,IF(AND(F34="HEAT",ISNUMBER(Eingaben!$B$13)),Eingaben!$B$13,""))) -> 28.2744 | I34: =INDEX(Netzzeiten!$C$6:$C$29,HOUR(B34)+1) -> 5.48 | J34: =IF(C34="","FEHLT",IF(NOT(ISNUMBER(C34)),"MESSWERT UNGUELTIG",IF(C34<0,"MESSWERT UNGUELTIG",IF(H34="","TARIFPREIS FEHLT","OK")))) -> FEHLT | K34: =IF(J34<>"OK","",C34*I34/100)
A35: 46143 | B35: 0.30208333 | C35: =IF('96 Werte'!AE6="","",'96 Werte'!AE6) | D35: =IF(IF(Eingaben!$B$21<Eingaben!$B$22,AND(B35>=Eingaben!$B$21,B35<Eingaben!$B$22),OR(B35>=Eingaben!$B$21,B35<Eingaben!$B$22)),"GO",IF(AND(ISNUMBER(Eingaben!$B$23),ISNUMBER(Eingaben!$B$24),IF(Eingaben!$B$23<Eingaben!$B$24,AND(B35>=Eingaben!$B$23,B35<Eingaben!$B$24),OR(B35>=Eingaben!$B$23,B35<Eingaben!$B$24))),"HEAT","STANDARD")) -> STANDARD | F35: =IF(E35="",D35,E35) -> STANDARD | G35: =INDEX(Netzzeiten!$B$6:$B$29,HOUR(B35)+1) -> ST | H35: =IF(F35="GO",Eingaben!$B$11,IF(F35="STANDARD",Eingaben!$B$12,IF(AND(F35="HEAT",ISNUMBER(Eingaben!$B$13)),Eingaben!$B$13,""))) -> 28.2744 | I35: =INDEX(Netzzeiten!$C$6:$C$29,HOUR(B35)+1) -> 5.48 | J35: =IF(C35="","FEHLT",IF(NOT(ISNUMBER(C35)),"MESSWERT UNGUELTIG",IF(C35<0,"MESSWERT UNGUELTIG",IF(H35="","TARIFPREIS FEHLT","OK")))) -> FEHLT | K35: =IF(J35<>"OK","",C35*I35/100)
A36: 46143 | B36: 0.3125 | C36: =IF('96 Werte'!AF6="","",'96 Werte'!AF6) | D36: =IF(IF(Eingaben!$B$21<Eingaben!$B$22,AND(B36>=Eingaben!$B$21,B36<Eingaben!$B$22),OR(B36>=Eingaben!$B$21,B36<Eingaben!$B$22)),"GO",IF(AND(ISNUMBER(Eingaben!$B$23),ISNUMBER(Eingaben!$B$24),IF(Eingaben!$B$23<Eingaben!$B$24,AND(B36>=Eingaben!$B$23,B36<Eingaben!$B$24),OR(B36>=Eingaben!$B$23,B36<Eingaben!$B$24))),"HEAT","STANDARD")) -> STANDARD | F36: =IF(E36="",D36,E36) -> STANDARD | G36: =INDEX(Netzzeiten!$B$6:$B$29,HOUR(B36)+1) -> ST | H36: =IF(F36="GO",Eingaben!$B$11,IF(F36="STANDARD",Eingaben!$B$12,IF(AND(F36="HEAT",ISNUMBER(Eingaben!$B$13)),Eingaben!$B$13,""))) -> 28.2744 | I36: =INDEX(Netzzeiten!$C$6:$C$29,HOUR(B36)+1) -> 5.48 | J36: =IF(C36="","FEHLT",IF(NOT(ISNUMBER(C36)),"MESSWERT UNGUELTIG",IF(C36<0,"MESSWERT UNGUELTIG",IF(H36="","TARIFPREIS FEHLT","OK")))) -> FEHLT | K36: =IF(J36<>"OK","",C36*I36/100)
A37: 46143 | B37: 0.32291667 | C37: =IF('96 Werte'!AG6="","",'96 Werte'!AG6) | D37: =IF(IF(Eingaben!$B$21<Eingaben!$B$22,AND(B37>=Eingaben!$B$21,B37<Eingaben!$B$22),OR(B37>=Eingaben!$B$21,B37<Eingaben!$B$22)),"GO",IF(AND(ISNUMBER(Eingaben!$B$23),ISNUMBER(Eingaben!$B$24),IF(Eingaben!$B$23<Eingaben!$B$24,AND(B37>=Eingaben!$B$23,B37<Eingaben!$B$24),OR(B37>=Eingaben!$B$23,B37<Eingaben!$B$24))),"HEAT","STANDARD")) -> STANDARD | F37: =IF(E37="",D37,E37) -> STANDARD | G37: =INDEX(Netzzeiten!$B$6:$B$29,HOUR(B37)+1) -> ST | H37: =IF(F37="GO",Eingaben!$B$11,IF(F37="STANDARD",Eingaben!$B$12,IF(AND(F37="HEAT",ISNUMBER(Eingaben!$B$13)),Eingaben!$B$13,""))) -> 28.2744 | I37: =INDEX(Netzzeiten!$C$6:$C$29,HOUR(B37)+1) -> 5.48 | J37: =IF(C37="","FEHLT",IF(NOT(ISNUMBER(C37)),"MESSWERT UNGUELTIG",IF(C37<0,"MESSWERT UNGUELTIG",IF(H37="","TARIFPREIS FEHLT","OK")))) -> FEHLT | K37: =IF(J37<>"OK","",C37*I37/100)
A38: 46143 | B38: 0.33333333 | C38: =IF('96 Werte'!AH6="","",'96 Werte'!AH6) | D38: =IF(IF(Eingaben!$B$21<Eingaben!$B$22,AND(B38>=Eingaben!$B$21,B38<Eingaben!$B$22),OR(B38>=Eingaben!$B$21,B38<Eingaben!$B$22)),"GO",IF(AND(ISNUMBER(Eingaben!$B$23),ISNUMBER(Eingaben!$B$24),IF(Eingaben!$B$23<Eingaben!$B$24,AND(B38>=Eingaben!$B$23,B38<Eingaben!$B$24),OR(B38>=Eingaben!$B$23,B38<Eingaben!$B$24))),"HEAT","STANDARD")) -> STANDARD | F38: =IF(E38="",D38,E38) -> STANDARD | G38: =INDEX(Netzzeiten!$B$6:$B$29,HOUR(B38)+1) -> ST | H38: =IF(F38="GO",Eingaben!$B$11,IF(F38="STANDARD",Eingaben!$B$12,IF(AND(F38="HEAT",ISNUMBER(Eingaben!$B$13)),Eingaben!$B$13,""))) -> 28.2744 | I38: =INDEX(Netzzeiten!$C$6:$C$29,HOUR(B38)+1) -> 5.48 | J38: =IF(C38="","FEHLT",IF(NOT(ISNUMBER(C38)),"MESSWERT UNGUELTIG",IF(C38<0,"MESSWERT UNGUELTIG",IF(H38="","TARIFPREIS FEHLT","OK")))) -> FEHLT | K38: =IF(J38<>"OK","",C38*I38/100)
A39: 46143 | B39: 0.34375 | C39: =IF('96 Werte'!AI6="","",'96 Werte'!AI6) | D39: =IF(IF(Eingaben!$B$21<Eingaben!$B$22,AND(B39>=Eingaben!$B$21,B39<Eingaben!$B$22),OR(B39>=Eingaben!$B$21,B39<Eingaben!$B$22)),"GO",IF(AND(ISNUMBER(Eingaben!$B$23),ISNUMBER(Eingaben!$B$24),IF(Eingaben!$B$23<Eingaben!$B$24,AND(B39>=Eingaben!$B$23,B39<Eingaben!$B$24),OR(B39>=Eingaben!$B$23,B39<Eingaben!$B$24))),"HEAT","STANDARD")) -> STANDARD | F39: =IF(E39="",D39,E39) -> STANDARD | G39: =INDEX(Netzzeiten!$B$6:$B$29,HOUR(B39)+1) -> ST | H39: =IF(F39="GO",Eingaben!$B$11,IF(F39="STANDARD",Eingaben!$B$12,IF(AND(F39="HEAT",ISNUMBER(Eingaben!$B$13)),Eingaben!$B$13,""))) -> 28.2744 | I39: =INDEX(Netzzeiten!$C$6:$C$29,HOUR(B39)+1) -> 5.48 | J39: =IF(C39="","FEHLT",IF(NOT(ISNUMBER(C39)),"MESSWERT UNGUELTIG",IF(C39<0,"MESSWERT UNGUELTIG",IF(H39="","TARIFPREIS FEHLT","OK")))) -> FEHLT | K39: =IF(J39<>"OK","",C39*I39/100)
A40: 46143 | B40: 0.35416667 | C40: =IF('96 Werte'!AJ6="","",'96 Werte'!AJ6) | D40: =IF(IF(Eingaben!$B$21<Eingaben!$B$22,AND(B40>=Eingaben!$B$21,B40<Eingaben!$B$22),OR(B40>=Eingaben!$B$21,B40<Eingaben!$B$22)),"GO",IF(AND(ISNUMBER(Eingaben!$B$23),ISNUMBER(Eingaben!$B$24),IF(Eingaben!$B$23<Eingaben!$B$24,AND(B40>=Eingaben!$B$23,B40<Eingaben!$B$24),OR(B40>=Eingaben!$B$23,B40<Eingaben!$B$24))),"HEAT","STANDARD")) -> STANDARD | F40: =IF(E40="",D40,E40) -> STANDARD | G40: =INDEX(Netzzeiten!$B$6:$B$29,HOUR(B40)+1) -> ST | H40: =IF(F40="GO",Eingaben!$B$11,IF(F40="STANDARD",Eingaben!$B$12,IF(AND(F40="HEAT",ISNUMBER(Eingaben!$B$13)),Eingaben!$B$13,""))) -> 28.2744 | I40: =INDEX(Netzzeiten!$C$6:$C$29,HOUR(B40)+1) -> 5.48 | J40: =IF(C40="","FEHLT",IF(NOT(ISNUMBER(C40)),"MESSWERT UNGUELTIG",IF(C40<0,"MESSWERT UNGUELTIG",IF(H40="","TARIFPREIS FEHLT","OK")))) -> FEHLT | K40: =IF(J40<>"OK","",C40*I40/100)
A41: 46143 | B41: 0.36458333 | C41: =IF('96 Werte'!AK6="","",'96 Werte'!AK6) | D41: =IF(IF(Eingaben!$B$21<Eingaben!$B$22,AND(B41>=Eingaben!$B$21,B41<Eingaben!$B$22),OR(B41>=Eingaben!$B$21,B41<Eingaben!$B$22)),"GO",IF(AND(ISNUMBER(Eingaben!$B$23),ISNUMBER(Eingaben!$B$24),IF(Eingaben!$B$23<Eingaben!$B$24,AND(B41>=Eingaben!$B$23,B41<Eingaben!$B$24),OR(B41>=Eingaben!$B$23,B41<Eingaben!$B$24))),"HEAT","STANDARD")) -> STANDARD | F41: =IF(E41="",D41,E41) -> STANDARD | G41: =INDEX(Netzzeiten!$B$6:$B$29,HOUR(B41)+1) -> ST | H41: =IF(F41="GO",Eingaben!$B$11,IF(F41="STANDARD",Eingaben!$B$12,IF(AND(F41="HEAT",ISNUMBER(Eingaben!$B$13)),Eingaben!$B$13,""))) -> 28.2744 | I41: =INDEX(Netzzeiten!$C$6:$C$29,HOUR(B41)+1) -> 5.48 | J41: =IF(C41="","FEHLT",IF(NOT(ISNUMBER(C41)),"MESSWERT UNGUELTIG",IF(C41<0,"MESSWERT UNGUELTIG",IF(H41="","TARIFPREIS FEHLT","OK")))) -> FEHLT | K41: =IF(J41<>"OK","",C41*I41/100)
A42: 46143 | B42: 0.375 | C42: =IF('96 Werte'!AL6="","",'96 Werte'!AL6) | D42: =IF(IF(Eingaben!$B$21<Eingaben!$B$22,AND(B42>=Eingaben!$B$21,B42<Eingaben!$B$22),OR(B42>=Eingaben!$B$21,B42<Eingaben!$B$22)),"GO",IF(AND(ISNUMBER(Eingaben!$B$23),ISNUMBER(Eingaben!$B$24),IF(Eingaben!$B$23<Eingaben!$B$24,AND(B42>=Eingaben!$B$23,B42<Eingaben!$B$24),OR(B42>=Eingaben!$B$23,B42<Eingaben!$B$24))),"HEAT","STANDARD")) -> STANDARD | F42: =IF(E42="",D42,E42) -> STANDARD | G42: =INDEX(Netzzeiten!$B$6:$B$29,HOUR(B42)+1) -> ST | H42: =IF(F42="GO",Eingaben!$B$11,IF(F42="STANDARD",Eingaben!$B$12,IF(AND(F42="HEAT",ISNUMBER(Eingaben!$B$13)),Eingaben!$B$13,""))) -> 28.2744 | I42: =INDEX(Netzzeiten!$C$6:$C$29,HOUR(B42)+1) -> 5.48 | J42: =IF(C42="","FEHLT",IF(NOT(ISNUMBER(C42)),"MESSWERT UNGUELTIG",IF(C42<0,"MESSWERT UNGUELTIG",IF(H42="","TARIFPREIS FEHLT","OK")))) -> FEHLT | K42: =IF(J42<>"OK","",C42*I42/100)
A43: 46143 | B43: 0.38541667 | C43: =IF('96 Werte'!AM6="","",'96 Werte'!AM6) | D43: =IF(IF(Eingaben!$B$21<Eingaben!$B$22,AND(B43>=Eingaben!$B$21,B43<Eingaben!$B$22),OR(B43>=Eingaben!$B$21,B43<Eingaben!$B$22)),"GO",IF(AND(ISNUMBER(Eingaben!$B$23),ISNUMBER(Eingaben!$B$24),IF(Eingaben!$B$23<Eingaben!$B$24,AND(B43>=Eingaben!$B$23,B43<Eingaben!$B$24),OR(B43>=Eingaben!$B$23,B43<Eingaben!$B$24))),"HEAT","STANDARD")) -> STANDARD | F43: =IF(E43="",D43,E43) -> STANDARD | G43: =INDEX(Netzzeiten!$B$6:$B$29,HOUR(B43)+1) -> ST | H43: =IF(F43="GO",Eingaben!$B$11,IF(F43="STANDARD",Eingaben!$B$12,IF(AND(F43="HEAT",ISNUMBER(Eingaben!$B$13)),Eingaben!$B$13,""))) -> 28.2744 | I43: =INDEX(Netzzeiten!$C$6:$C$29,HOUR(B43)+1) -> 5.48 | J43: =IF(C43="","FEHLT",IF(NOT(ISNUMBER(C43)),"MESSWERT UNGUELTIG",IF(C43<0,"MESSWERT UNGUELTIG",IF(H43="","TARIFPREIS FEHLT","OK")))) -> FEHLT | K43: =IF(J43<>"OK","",C43*I43/100)
A44: 46143 | B44: 0.39583333 | C44: =IF('96 Werte'!AN6="","",'96 Werte'!AN6) | D44: =IF(IF(Eingaben!$B$21<Eingaben!$B$22,AND(B44>=Eingaben!$B$21,B44<Eingaben!$B$22),OR(B44>=Eingaben!$B$21,B44<Eingaben!$B$22)),"GO",IF(AND(ISNUMBER(Eingaben!$B$23),ISNUMBER(Eingaben!$B$24),IF(Eingaben!$B$23<Eingaben!$B$24,AND(B44>=Eingaben!$B$23,B44<Eingaben!$B$24),OR(B44>=Eingaben!$B$23,B44<Eingaben!$B$24))),"HEAT","STANDARD")) -> STANDARD | F44: =IF(E44="",D44,E44) -> STANDARD | G44: =INDEX(Netzzeiten!$B$6:$B$29,HOUR(B44)+1) -> ST | H44: =IF(F44="GO",Eingaben!$B$11,IF(F44="STANDARD",Eingaben!$B$12,IF(AND(F44="HEAT",ISNUMBER(Eingaben!$B$13)),Eingaben!$B$13,""))) -> 28.2744 | I44: =INDEX(Netzzeiten!$C$6:$C$29,HOUR(B44)+1) -> 5.48 | J44: =IF(C44="","FEHLT",IF(NOT(ISNUMBER(C44)),"MESSWERT UNGUELTIG",IF(C44<0,"MESSWERT UNGUELTIG",IF(H44="","TARIFPREIS FEHLT","OK")))) -> FEHLT | K44: =IF(J44<>"OK","",C44*I44/100)
A45: 46143 | B45: 0.40625 | C45: =IF('96 Werte'!AO6="","",'96 Werte'!AO6) | D45: =IF(IF(Eingaben!$B$21<Eingaben!$B$22,AND(B45>=Eingaben!$B$21,B45<Eingaben!$B$22),OR(B45>=Eingaben!$B$21,B45<Eingaben!$B$22)),"GO",IF(AND(ISNUMBER(Eingaben!$B$23),ISNUMBER(Eingaben!$B$24),IF(Eingaben!$B$23<Eingaben!$B$24,AND(B45>=Eingaben!$B$23,B45<Eingaben!$B$24),OR(B45>=Eingaben!$B$23,B45<Eingaben!$B$24))),"HEAT","STANDARD")) -> STANDARD | F45: =IF(E45="",D45,E45) -> STANDARD | G45: =INDEX(Netzzeiten!$B$6:$B$29,HOUR(B45)+1) -> ST | H45: =IF(F45="GO",Eingaben!$B$11,IF(F45="STANDARD",Eingaben!$B$12,IF(AND(F45="HEAT",ISNUMBER(Eingaben!$B$13)),Eingaben!$B$13,""))) -> 28.2744 | I45: =INDEX(Netzzeiten!$C$6:$C$29,HOUR(B45)+1) -> 5.48 | J45: =IF(C45="","FEHLT",IF(NOT(ISNUMBER(C45)),"MESSWERT UNGUELTIG",IF(C45<0,"MESSWERT UNGUELTIG",IF(H45="","TARIFPREIS FEHLT","OK")))) -> FEHLT | K45: =IF(J45<>"OK","",C45*I45/100)
A46: 46143 | B46: 0.41666667 | C46: =IF('96 Werte'!AP6="","",'96 Werte'!AP6) | D46: =IF(IF(Eingaben!$B$21<Eingaben!$B$22,AND(B46>=Eingaben!$B$21,B46<Eingaben!$B$22),OR(B46>=Eingaben!$B$21,B46<Eingaben!$B$22)),"GO",IF(AND(ISNUMBER(Eingaben!$B$23),ISNUMBER(Eingaben!$B$24),IF(Eingaben!$B$23<Eingaben!$B$24,AND(B46>=Eingaben!$B$23,B46<Eingaben!$B$24),OR(B46>=Eingaben!$B$23,B46<Eingaben!$B$24))),"HEAT","STANDARD")) -> STANDARD | F46: =IF(E46="",D46,E46) -> STANDARD | G46: =INDEX(Netzzeiten!$B$6:$B$29,HOUR(B46)+1) -> ST | H46: =IF(F46="GO",Eingaben!$B$11,IF(F46="STANDARD",Eingaben!$B$12,IF(AND(F46="HEAT",ISNUMBER(Eingaben!$B$13)),Eingaben!$B$13,""))) -> 28.2744 | I46: =INDEX(Netzzeiten!$C$6:$C$29,HOUR(B46)+1) -> 5.48 | J46: =IF(C46="","FEHLT",IF(NOT(ISNUMBER(C46)),"MESSWERT UNGUELTIG",IF(C46<0,"MESSWERT UNGUELTIG",IF(H46="","TARIFPREIS FEHLT","OK")))) -> FEHLT | K46: =IF(J46<>"OK","",C46*I46/100)
A47: 46143 | B47: 0.42708333 | C47: =IF('96 Werte'!AQ6="","",'96 Werte'!AQ6) | D47: =IF(IF(Eingaben!$B$21<Eingaben!$B$22,AND(B47>=Eingaben!$B$21,B47<Eingaben!$B$22),OR(B47>=Eingaben!$B$21,B47<Eingaben!$B$22)),"GO",IF(AND(ISNUMBER(Eingaben!$B$23),ISNUMBER(Eingaben!$B$24),IF(Eingaben!$B$23<Eingaben!$B$24,AND(B47>=Eingaben!$B$23,B47<Eingaben!$B$24),OR(B47>=Eingaben!$B$23,B47<Eingaben!$B$24))),"HEAT","STANDARD")) -> STANDARD | F47: =IF(E47="",D47,E47) -> STANDARD | G47: =INDEX(Netzzeiten!$B$6:$B$29,HOUR(B47)+1) -> ST | H47: =IF(F47="GO",Eingaben!$B$11,IF(F47="STANDARD",Eingaben!$B$12,IF(AND(F47="HEAT",ISNUMBER(Eingaben!$B$13)),Eingaben!$B$13,""))) -> 28.2744 | I47: =INDEX(Netzzeiten!$C$6:$C$29,HOUR(B47)+1) -> 5.48 | J47: =IF(C47="","FEHLT",IF(NOT(ISNUMBER(C47)),"MESSWERT UNGUELTIG",IF(C47<0,"MESSWERT UNGUELTIG",IF(H47="","TARIFPREIS FEHLT","OK")))) -> FEHLT | K47: =IF(J47<>"OK","",C47*I47/100)
A48: 46143 | B48: 0.4375 | C48: =IF('96 Werte'!AR6="","",'96 Werte'!AR6) | D48: =IF(IF(Eingaben!$B$21<Eingaben!$B$22,AND(B48>=Eingaben!$B$21,B48<Eingaben!$B$22),OR(B48>=Eingaben!$B$21,B48<Eingaben!$B$22)),"GO",IF(AND(ISNUMBER(Eingaben!$B$23),ISNUMBER(Eingaben!$B$24),IF(Eingaben!$B$23<Eingaben!$B$24,AND(B48>=Eingaben!$B$23,B48<Eingaben!$B$24),OR(B48>=Eingaben!$B$23,B48<Eingaben!$B$24))),"HEAT","STANDARD")) -> STANDARD | F48: =IF(E48="",D48,E48) -> STANDARD | G48: =INDEX(Netzzeiten!$B$6:$B$29,HOUR(B48)+1) -> ST | H48: =IF(F48="GO",Eingaben!$B$11,IF(F48="STANDARD",Eingaben!$B$12,IF(AND(F48="HEAT",ISNUMBER(Eingaben!$B$13)),Eingaben!$B$13,""))) -> 28.2744 | I48: =INDEX(Netzzeiten!$C$6:$C$29,HOUR(B48)+1) -> 5.48 | J48: =IF(C48="","FEHLT",IF(NOT(ISNUMBER(C48)),"MESSWERT UNGUELTIG",IF(C48<0,"MESSWERT UNGUELTIG",IF(H48="","TARIFPREIS FEHLT","OK")))) -> FEHLT | K48: =IF(J48<>"OK","",C48*I48/100)
A49: 46143 | B49: 0.44791667 | C49: =IF('96 Werte'!AS6="","",'96 Werte'!AS6) | D49: =IF(IF(Eingaben!$B$21<Eingaben!$B$22,AND(B49>=Eingaben!$B$21,B49<Eingaben!$B$22),OR(B49>=Eingaben!$B$21,B49<Eingaben!$B$22)),"GO",IF(AND(ISNUMBER(Eingaben!$B$23),ISNUMBER(Eingaben!$B$24),IF(Eingaben!$B$23<Eingaben!$B$24,AND(B49>=Eingaben!$B$23,B49<Eingaben!$B$24),OR(B49>=Eingaben!$B$23,B49<Eingaben!$B$24))),"HEAT","STANDARD")) -> STANDARD | F49: =IF(E49="",D49,E49) -> STANDARD | G49: =INDEX(Netzzeiten!$B$6:$B$29,HOUR(B49)+1) -> ST | H49: =IF(F49="GO",Eingaben!$B$11,IF(F49="STANDARD",Eingaben!$B$12,IF(AND(F49="HEAT",ISNUMBER(Eingaben!$B$13)),Eingaben!$B$13,""))) -> 28.2744 | I49: =INDEX(Netzzeiten!$C$6:$C$29,HOUR(B49)+1) -> 5.48 | J49: =IF(C49="","FEHLT",IF(NOT(ISNUMBER(C49)),"MESSWERT UNGUELTIG",IF(C49<0,"MESSWERT UNGUELTIG",IF(H49="","TARIFPREIS FEHLT","OK")))) -> FEHLT | K49: =IF(J49<>"OK","",C49*I49/100)
A50: 46143 | B50: 0.45833333 | C50: =IF('96 Werte'!AT6="","",'96 Werte'!AT6) | D50: =IF(IF(Eingaben!$B$21<Eingaben!$B$22,AND(B50>=Eingaben!$B$21,B50<Eingaben!$B$22),OR(B50>=Eingaben!$B$21,B50<Eingaben!$B$22)),"GO",IF(AND(ISNUMBER(Eingaben!$B$23),ISNUMBER(Eingaben!$B$24),IF(Eingaben!$B$23<Eingaben!$B$24,AND(B50>=Eingaben!$B$23,B50<Eingaben!$B$24),OR(B50>=Eingaben!$B$23,B50<Eingaben!$B$24))),"HEAT","STANDARD")) -> STANDARD | F50: =IF(E50="",D50,E50) -> STANDARD | G50: =INDEX(Netzzeiten!$B$6:$B$29,HOUR(B50)+1) -> NT | H50: =IF(F50="GO",Eingaben!$B$11,IF(F50="STANDARD",Eingaben!$B$12,IF(AND(F50="HEAT",ISNUMBER(Eingaben!$B$13)),Eingaben!$B$13,""))) -> 28.2744 | I50: =INDEX(Netzzeiten!$C$6:$C$29,HOUR(B50)+1) -> 1.64 | J50: =IF(C50="","FEHLT",IF(NOT(ISNUMBER(C50)),"MESSWERT UNGUELTIG",IF(C50<0,"MESSWERT UNGUELTIG",IF(H50="","TARIFPREIS FEHLT","OK")))) -> FEHLT | K50: =IF(J50<>"OK","",C50*I50/100)
A51: 46143 | B51: 0.46875 | C51: =IF('96 Werte'!AU6="","",'96 Werte'!AU6) | D51: =IF(IF(Eingaben!$B$21<Eingaben!$B$22,AND(B51>=Eingaben!$B$21,B51<Eingaben!$B$22),OR(B51>=Eingaben!$B$21,B51<Eingaben!$B$22)),"GO",IF(AND(ISNUMBER(Eingaben!$B$23),ISNUMBER(Eingaben!$B$24),IF(Eingaben!$B$23<Eingaben!$B$24,AND(B51>=Eingaben!$B$23,B51<Eingaben!$B$24),OR(B51>=Eingaben!$B$23,B51<Eingaben!$B$24))),"HEAT","STANDARD")) -> STANDARD | F51: =IF(E51="",D51,E51) -> STANDARD | G51: =INDEX(Netzzeiten!$B$6:$B$29,HOUR(B51)+1) -> NT | H51: =IF(F51="GO",Eingaben!$B$11,IF(F51="STANDARD",Eingaben!$B$12,IF(AND(F51="HEAT",ISNUMBER(Eingaben!$B$13)),Eingaben!$B$13,""))) -> 28.2744 | I51: =INDEX(Netzzeiten!$C$6:$C$29,HOUR(B51)+1) -> 1.64 | J51: =IF(C51="","FEHLT",IF(NOT(ISNUMBER(C51)),"MESSWERT UNGUELTIG",IF(C51<0,"MESSWERT UNGUELTIG",IF(H51="","TARIFPREIS FEHLT","OK")))) -> FEHLT | K51: =IF(J51<>"OK","",C51*I51/100)
A52: 46143 | B52: 0.47916667 | C52: =IF('96 Werte'!AV6="","",'96 Werte'!AV6) | D52: =IF(IF(Eingaben!$B$21<Eingaben!$B$22,AND(B52>=Eingaben!$B$21,B52<Eingaben!$B$22),OR(B52>=Eingaben!$B$21,B52<Eingaben!$B$22)),"GO",IF(AND(ISNUMBER(Eingaben!$B$23),ISNUMBER(Eingaben!$B$24),IF(Eingaben!$B$23<Eingaben!$B$24,AND(B52>=Eingaben!$B$23,B52<Eingaben!$B$24),OR(B52>=Eingaben!$B$23,B52<Eingaben!$B$24))),"HEAT","STANDARD")) -> STANDARD | F52: =IF(E52="",D52,E52) -> STANDARD | G52: =INDEX(Netzzeiten!$B$6:$B$29,HOUR(B52)+1) -> NT | H52: =IF(F52="GO",Eingaben!$B$11,IF(F52="STANDARD",Eingaben!$B$12,IF(AND(F52="HEAT",ISNUMBER(Eingaben!$B$13)),Eingaben!$B$13,""))) -> 28.2744 | I52: =INDEX(Netzzeiten!$C$6:$C$29,HOUR(B52)+1) -> 1.64 | J52: =IF(C52="","FEHLT",IF(NOT(ISNUMBER(C52)),"MESSWERT UNGUELTIG",IF(C52<0,"MESSWERT UNGUELTIG",IF(H52="","TARIFPREIS FEHLT","OK")))) -> FEHLT | K52: =IF(J52<>"OK","",C52*I52/100)
A53: 46143 | B53: 0.48958333 | C53: =IF('96 Werte'!AW6="","",'96 Werte'!AW6) | D53: =IF(IF(Eingaben!$B$21<Eingaben!$B$22,AND(B53>=Eingaben!$B$21,B53<Eingaben!$B$22),OR(B53>=Eingaben!$B$21,B53<Eingaben!$B$22)),"GO",IF(AND(ISNUMBER(Eingaben!$B$23),ISNUMBER(Eingaben!$B$24),IF(Eingaben!$B$23<Eingaben!$B$24,AND(B53>=Eingaben!$B$23,B53<Eingaben!$B$24),OR(B53>=Eingaben!$B$23,B53<Eingaben!$B$24))),"HEAT","STANDARD")) -> STANDARD | F53: =IF(E53="",D53,E53) -> STANDARD | G53: =INDEX(Netzzeiten!$B$6:$B$29,HOUR(B53)+1) -> NT | H53: =IF(F53="GO",Eingaben!$B$11,IF(F53="STANDARD",Eingaben!$B$12,IF(AND(F53="HEAT",ISNUMBER(Eingaben!$B$13)),Eingaben!$B$13,""))) -> 28.2744 | I53: =INDEX(Netzzeiten!$C$6:$C$29,HOUR(B53)+1) -> 1.64 | J53: =IF(C53="","FEHLT",IF(NOT(ISNUMBER(C53)),"MESSWERT UNGUELTIG",IF(C53<0,"MESSWERT UNGUELTIG",IF(H53="","TARIFPREIS FEHLT","OK")))) -> FEHLT | K53: =IF(J53<>"OK","",C53*I53/100)
A54: 46143 | B54: 0.5 | C54: =IF('96 Werte'!AX6="","",'96 Werte'!AX6) | D54: =IF(IF(Eingaben!$B$21<Eingaben!$B$22,AND(B54>=Eingaben!$B$21,B54<Eingaben!$B$22),OR(B54>=Eingaben!$B$21,B54<Eingaben!$B$22)),"GO",IF(AND(ISNUMBER(Eingaben!$B$23),ISNUMBER(Eingaben!$B$24),IF(Eingaben!$B$23<Eingaben!$B$24,AND(B54>=Eingaben!$B$23,B54<Eingaben!$B$24),OR(B54>=Eingaben!$B$23,B54<Eingaben!$B$24))),"HEAT","STANDARD")) -> STANDARD | F54: =IF(E54="",D54,E54) -> STANDARD | G54: =INDEX(Netzzeiten!$B$6:$B$29,HOUR(B54)+1) -> NT | H54: =IF(F54="GO",Eingaben!$B$11,IF(F54="STANDARD",Eingaben!$B$12,IF(AND(F54="HEAT",ISNUMBER(Eingaben!$B$13)),Eingaben!$B$13,""))) -> 28.2744 | I54: =INDEX(Netzzeiten!$C$6:$C$29,HOUR(B54)+1) -> 1.64 | J54: =IF(C54="","FEHLT",IF(NOT(ISNUMBER(C54)),"MESSWERT UNGUELTIG",IF(C54<0,"MESSWERT UNGUELTIG",IF(H54="","TARIFPREIS FEHLT","OK")))) -> FEHLT | K54: =IF(J54<>"OK","",C54*I54/100)
A55: 46143 | B55: 0.51041667 | C55: =IF('96 Werte'!AY6="","",'96 Werte'!AY6) | D55: =IF(IF(Eingaben!$B$21<Eingaben!$B$22,AND(B55>=Eingaben!$B$21,B55<Eingaben!$B$22),OR(B55>=Eingaben!$B$21,B55<Eingaben!$B$22)),"GO",IF(AND(ISNUMBER(Eingaben!$B$23),ISNUMBER(Eingaben!$B$24),IF(Eingaben!$B$23<Eingaben!$B$24,AND(B55>=Eingaben!$B$23,B55<Eingaben!$B$24),OR(B55>=Eingaben!$B$23,B55<Eingaben!$B$24))),"HEAT","STANDARD")) -> STANDARD | F55: =IF(E55="",D55,E55) -> STANDARD | G55: =INDEX(Netzzeiten!$B$6:$B$29,HOUR(B55)+1) -> NT | H55: =IF(F55="GO",Eingaben!$B$11,IF(F55="STANDARD",Eingaben!$B$12,IF(AND(F55="HEAT",ISNUMBER(Eingaben!$B$13)),Eingaben!$B$13,""))) -> 28.2744 | I55: =INDEX(Netzzeiten!$C$6:$C$29,HOUR(B55)+1) -> 1.64 | J55: =IF(C55="","FEHLT",IF(NOT(ISNUMBER(C55)),"MESSWERT UNGUELTIG",IF(C55<0,"MESSWERT UNGUELTIG",IF(H55="","TARIFPREIS FEHLT","OK")))) -> FEHLT | K55: =IF(J55<>"OK","",C55*I55/100)
A56: 46143 | B56: 0.52083333 | C56: =IF('96 Werte'!AZ6="","",'96 Werte'!AZ6) | D56: =IF(IF(Eingaben!$B$21<Eingaben!$B$22,AND(B56>=Eingaben!$B$21,B56<Eingaben!$B$22),OR(B56>=Eingaben!$B$21,B56<Eingaben!$B$22)),"GO",IF(AND(ISNUMBER(Eingaben!$B$23),ISNUMBER(Eingaben!$B$24),IF(Eingaben!$B$23<Eingaben!$B$24,AND(B56>=Eingaben!$B$23,B56<Eingaben!$B$24),OR(B56>=Eingaben!$B$23,B56<Eingaben!$B$24))),"HEAT","STANDARD")) -> STANDARD | F56: =IF(E56="",D56,E56) -> STANDARD | G56: =INDEX(Netzzeiten!$B$6:$B$29,HOUR(B56)+1) -> NT | H56: =IF(F56="GO",Eingaben!$B$11,IF(F56="STANDARD",Eingaben!$B$12,IF(AND(F56="HEAT",ISNUMBER(Eingaben!$B$13)),Eingaben!$B$13,""))) -> 28.2744 | I56: =INDEX(Netzzeiten!$C$6:$C$29,HOUR(B56)+1) -> 1.64 | J56: =IF(C56="","FEHLT",IF(NOT(ISNUMBER(C56)),"MESSWERT UNGUELTIG",IF(C56<0,"MESSWERT UNGUELTIG",IF(H56="","TARIFPREIS FEHLT","OK")))) -> FEHLT | K56: =IF(J56<>"OK","",C56*I56/100)
A57: 46143 | B57: 0.53125 | C57: =IF('96 Werte'!BA6="","",'96 Werte'!BA6) | D57: =IF(IF(Eingaben!$B$21<Eingaben!$B$22,AND(B57>=Eingaben!$B$21,B57<Eingaben!$B$22),OR(B57>=Eingaben!$B$21,B57<Eingaben!$B$22)),"GO",IF(AND(ISNUMBER(Eingaben!$B$23),ISNUMBER(Eingaben!$B$24),IF(Eingaben!$B$23<Eingaben!$B$24,AND(B57>=Eingaben!$B$23,B57<Eingaben!$B$24),OR(B57>=Eingaben!$B$23,B57<Eingaben!$B$24))),"HEAT","STANDARD")) -> STANDARD | F57: =IF(E57="",D57,E57) -> STANDARD | G57: =INDEX(Netzzeiten!$B$6:$B$29,HOUR(B57)+1) -> NT | H57: =IF(F57="GO",Eingaben!$B$11,IF(F57="STANDARD",Eingaben!$B$12,IF(AND(F57="HEAT",ISNUMBER(Eingaben!$B$13)),Eingaben!$B$13,""))) -> 28.2744 | I57: =INDEX(Netzzeiten!$C$6:$C$29,HOUR(B57)+1) -> 1.64 | J57: =IF(C57="","FEHLT",IF(NOT(ISNUMBER(C57)),"MESSWERT UNGUELTIG",IF(C57<0,"MESSWERT UNGUELTIG",IF(H57="","TARIFPREIS FEHLT","OK")))) -> FEHLT | K57: =IF(J57<>"OK","",C57*I57/100)
A58: 46143 | B58: 0.54166667 | C58: =IF('96 Werte'!BB6="","",'96 Werte'!BB6) | D58: =IF(IF(Eingaben!$B$21<Eingaben!$B$22,AND(B58>=Eingaben!$B$21,B58<Eingaben!$B$22),OR(B58>=Eingaben!$B$21,B58<Eingaben!$B$22)),"GO",IF(AND(ISNUMBER(Eingaben!$B$23),ISNUMBER(Eingaben!$B$24),IF(Eingaben!$B$23<Eingaben!$B$24,AND(B58>=Eingaben!$B$23,B58<Eingaben!$B$24),OR(B58>=Eingaben!$B$23,B58<Eingaben!$B$24))),"HEAT","STANDARD")) -> STANDARD | F58: =IF(E58="",D58,E58) -> STANDARD | G58: =INDEX(Netzzeiten!$B$6:$B$29,HOUR(B58)+1) -> NT | H58: =IF(F58="GO",Eingaben!$B$11,IF(F58="STANDARD",Eingaben!$B$12,IF(AND(F58="HEAT",ISNUMBER(Eingaben!$B$13)),Eingaben!$B$13,""))) -> 28.2744 | I58: =INDEX(Netzzeiten!$C$6:$C$29,HOUR(B58)+1) -> 1.64 | J58: =IF(C58="","FEHLT",IF(NOT(ISNUMBER(C58)),"MESSWERT UNGUELTIG",IF(C58<0,"MESSWERT UNGUELTIG",IF(H58="","TARIFPREIS FEHLT","OK")))) -> FEHLT | K58: =IF(J58<>"OK","",C58*I58/100)
A59: 46143 | B59: 0.55208333 | C59: =IF('96 Werte'!BC6="","",'96 Werte'!BC6) | D59: =IF(IF(Eingaben!$B$21<Eingaben!$B$22,AND(B59>=Eingaben!$B$21,B59<Eingaben!$B$22),OR(B59>=Eingaben!$B$21,B59<Eingaben!$B$22)),"GO",IF(AND(ISNUMBER(Eingaben!$B$23),ISNUMBER(Eingaben!$B$24),IF(Eingaben!$B$23<Eingaben!$B$24,AND(B59>=Eingaben!$B$23,B59<Eingaben!$B$24),OR(B59>=Eingaben!$B$23,B59<Eingaben!$B$24))),"HEAT","STANDARD")) -> STANDARD | F59: =IF(E59="",D59,E59) -> STANDARD | G59: =INDEX(Netzzeiten!$B$6:$B$29,HOUR(B59)+1) -> NT | H59: =IF(F59="GO",Eingaben!$B$11,IF(F59="STANDARD",Eingaben!$B$12,IF(AND(F59="HEAT",ISNUMBER(Eingaben!$B$13)),Eingaben!$B$13,""))) -> 28.2744 | I59: =INDEX(Netzzeiten!$C$6:$C$29,HOUR(B59)+1) -> 1.64 | J59: =IF(C59="","FEHLT",IF(NOT(ISNUMBER(C59)),"MESSWERT UNGUELTIG",IF(C59<0,"MESSWERT UNGUELTIG",IF(H59="","TARIFPREIS FEHLT","OK")))) -> FEHLT | K59: =IF(J59<>"OK","",C59*I59/100)
A60: 46143 | B60: 0.5625 | C60: =IF('96 Werte'!BD6="","",'96 Werte'!BD6) | D60: =IF(IF(Eingaben!$B$21<Eingaben!$B$22,AND(B60>=Eingaben!$B$21,B60<Eingaben!$B$22),OR(B60>=Eingaben!$B$21,B60<Eingaben!$B$22)),"GO",IF(AND(ISNUMBER(Eingaben!$B$23),ISNUMBER(Eingaben!$B$24),IF(Eingaben!$B$23<Eingaben!$B$24,AND(B60>=Eingaben!$B$23,B60<Eingaben!$B$24),OR(B60>=Eingaben!$B$23,B60<Eingaben!$B$24))),"HEAT","STANDARD")) -> STANDARD | F60: =IF(E60="",D60,E60) -> STANDARD | G60: =INDEX(Netzzeiten!$B$6:$B$29,HOUR(B60)+1) -> NT | H60: =IF(F60="GO",Eingaben!$B$11,IF(F60="STANDARD",Eingaben!$B$12,IF(AND(F60="HEAT",ISNUMBER(Eingaben!$B$13)),Eingaben!$B$13,""))) -> 28.2744 | I60: =INDEX(Netzzeiten!$C$6:$C$29,HOUR(B60)+1) -> 1.64 | J60: =IF(C60="","FEHLT",IF(NOT(ISNUMBER(C60)),"MESSWERT UNGUELTIG",IF(C60<0,"MESSWERT UNGUELTIG",IF(H60="","TARIFPREIS FEHLT","OK")))) -> FEHLT | K60: =IF(J60<>"OK","",C60*I60/100)
A61: 46143 | B61: 0.57291667 | C61: =IF('96 Werte'!BE6="","",'96 Werte'!BE6) | D61: =IF(IF(Eingaben!$B$21<Eingaben!$B$22,AND(B61>=Eingaben!$B$21,B61<Eingaben!$B$22),OR(B61>=Eingaben!$B$21,B61<Eingaben!$B$22)),"GO",IF(AND(ISNUMBER(Eingaben!$B$23),ISNUMBER(Eingaben!$B$24),IF(Eingaben!$B$23<Eingaben!$B$24,AND(B61>=Eingaben!$B$23,B61<Eingaben!$B$24),OR(B61>=Eingaben!$B$23,B61<Eingaben!$B$24))),"HEAT","STANDARD")) -> STANDARD | F61: =IF(E61="",D61,E61) -> STANDARD | G61: =INDEX(Netzzeiten!$B$6:$B$29,HOUR(B61)+1) -> NT | H61: =IF(F61="GO",Eingaben!$B$11,IF(F61="STANDARD",Eingaben!$B$12,IF(AND(F61="HEAT",ISNUMBER(Eingaben!$B$13)),Eingaben!$B$13,""))) -> 28.2744 | I61: =INDEX(Netzzeiten!$C$6:$C$29,HOUR(B61)+1) -> 1.64 | J61: =IF(C61="","FEHLT",IF(NOT(ISNUMBER(C61)),"MESSWERT UNGUELTIG",IF(C61<0,"MESSWERT UNGUELTIG",IF(H61="","TARIFPREIS FEHLT","OK")))) -> FEHLT | K61: =IF(J61<>"OK","",C61*I61/100)
A62: 46143 | B62: 0.58333333 | C62: =IF('96 Werte'!BF6="","",'96 Werte'!BF6) | D62: =IF(IF(Eingaben!$B$21<Eingaben!$B$22,AND(B62>=Eingaben!$B$21,B62<Eingaben!$B$22),OR(B62>=Eingaben!$B$21,B62<Eingaben!$B$22)),"GO",IF(AND(ISNUMBER(Eingaben!$B$23),ISNUMBER(Eingaben!$B$24),IF(Eingaben!$B$23<Eingaben!$B$24,AND(B62>=Eingaben!$B$23,B62<Eingaben!$B$24),OR(B62>=Eingaben!$B$23,B62<Eingaben!$B$24))),"HEAT","STANDARD")) -> STANDARD | F62: =IF(E62="",D62,E62) -> STANDARD | G62: =INDEX(Netzzeiten!$B$6:$B$29,HOUR(B62)+1) -> NT | H62: =IF(F62="GO",Eingaben!$B$11,IF(F62="STANDARD",Eingaben!$B$12,IF(AND(F62="HEAT",ISNUMBER(Eingaben!$B$13)),Eingaben!$B$13,""))) -> 28.2744 | I62: =INDEX(Netzzeiten!$C$6:$C$29,HOUR(B62)+1) -> 1.64 | J62: =IF(C62="","FEHLT",IF(NOT(ISNUMBER(C62)),"MESSWERT UNGUELTIG",IF(C62<0,"MESSWERT UNGUELTIG",IF(H62="","TARIFPREIS FEHLT","OK")))) -> FEHLT | K62: =IF(J62<>"OK","",C62*I62/100)
A63: 46143 | B63: 0.59375 | C63: =IF('96 Werte'!BG6="","",'96 Werte'!BG6) | D63: =IF(IF(Eingaben!$B$21<Eingaben!$B$22,AND(B63>=Eingaben!$B$21,B63<Eingaben!$B$22),OR(B63>=Eingaben!$B$21,B63<Eingaben!$B$22)),"GO",IF(AND(ISNUMBER(Eingaben!$B$23),ISNUMBER(Eingaben!$B$24),IF(Eingaben!$B$23<Eingaben!$B$24,AND(B63>=Eingaben!$B$23,B63<Eingaben!$B$24),OR(B63>=Eingaben!$B$23,B63<Eingaben!$B$24))),"HEAT","STANDARD")) -> STANDARD | F63: =IF(E63="",D63,E63) -> STANDARD | G63: =INDEX(Netzzeiten!$B$6:$B$29,HOUR(B63)+1) -> NT | H63: =IF(F63="GO",Eingaben!$B$11,IF(F63="STANDARD",Eingaben!$B$12,IF(AND(F63="HEAT",ISNUMBER(Eingaben!$B$13)),Eingaben!$B$13,""))) -> 28.2744 | I63: =INDEX(Netzzeiten!$C$6:$C$29,HOUR(B63)+1) -> 1.64 | J63: =IF(C63="","FEHLT",IF(NOT(ISNUMBER(C63)),"MESSWERT UNGUELTIG",IF(C63<0,"MESSWERT UNGUELTIG",IF(H63="","TARIFPREIS FEHLT","OK")))) -> FEHLT | K63: =IF(J63<>"OK","",C63*I63/100)
A64: 46143 | B64: 0.60416667 | C64: =IF('96 Werte'!BH6="","",'96 Werte'!BH6) | D64: =IF(IF(Eingaben!$B$21<Eingaben!$B$22,AND(B64>=Eingaben!$B$21,B64<Eingaben!$B$22),OR(B64>=Eingaben!$B$21,B64<Eingaben!$B$22)),"GO",IF(AND(ISNUMBER(Eingaben!$B$23),ISNUMBER(Eingaben!$B$24),IF(Eingaben!$B$23<Eingaben!$B$24,AND(B64>=Eingaben!$B$23,B64<Eingaben!$B$24),OR(B64>=Eingaben!$B$23,B64<Eingaben!$B$24))),"HEAT","STANDARD")) -> STANDARD | F64: =IF(E64="",D64,E64) -> STANDARD | G64: =INDEX(Netzzeiten!$B$6:$B$29,HOUR(B64)+1) -> NT | H64: =IF(F64="GO",Eingaben!$B$11,IF(F64="STANDARD",Eingaben!$B$12,IF(AND(F64="HEAT",ISNUMBER(Eingaben!$B$13)),Eingaben!$B$13,""))) -> 28.2744 | I64: =INDEX(Netzzeiten!$C$6:$C$29,HOUR(B64)+1) -> 1.64 | J64: =IF(C64="","FEHLT",IF(NOT(ISNUMBER(C64)),"MESSWERT UNGUELTIG",IF(C64<0,"MESSWERT UNGUELTIG",IF(H64="","TARIFPREIS FEHLT","OK")))) -> FEHLT | K64: =IF(J64<>"OK","",C64*I64/100)
A65: 46143 | B65: 0.61458333 | C65: =IF('96 Werte'!BI6="","",'96 Werte'!BI6) | D65: =IF(IF(Eingaben!$B$21<Eingaben!$B$22,AND(B65>=Eingaben!$B$21,B65<Eingaben!$B$22),OR(B65>=Eingaben!$B$21,B65<Eingaben!$B$22)),"GO",IF(AND(ISNUMBER(Eingaben!$B$23),ISNUMBER(Eingaben!$B$24),IF(Eingaben!$B$23<Eingaben!$B$24,AND(B65>=Eingaben!$B$23,B65<Eingaben!$B$24),OR(B65>=Eingaben!$B$23,B65<Eingaben!$B$24))),"HEAT","STANDARD")) -> STANDARD | F65: =IF(E65="",D65,E65) -> STANDARD | G65: =INDEX(Netzzeiten!$B$6:$B$29,HOUR(B65)+1) -> NT | H65: =IF(F65="GO",Eingaben!$B$11,IF(F65="STANDARD",Eingaben!$B$12,IF(AND(F65="HEAT",ISNUMBER(Eingaben!$B$13)),Eingaben!$B$13,""))) -> 28.2744 | I65: =INDEX(Netzzeiten!$C$6:$C$29,HOUR(B65)+1) -> 1.64 | J65: =IF(C65="","FEHLT",IF(NOT(ISNUMBER(C65)),"MESSWERT UNGUELTIG",IF(C65<0,"MESSWERT UNGUELTIG",IF(H65="","TARIFPREIS FEHLT","OK")))) -> FEHLT | K65: =IF(J65<>"OK","",C65*I65/100)
A66: 46143 | B66: 0.625 | C66: =IF('96 Werte'!BJ6="","",'96 Werte'!BJ6) | D66: =IF(IF(Eingaben!$B$21<Eingaben!$B$22,AND(B66>=Eingaben!$B$21,B66<Eingaben!$B$22),OR(B66>=Eingaben!$B$21,B66<Eingaben!$B$22)),"GO",IF(AND(ISNUMBER(Eingaben!$B$23),ISNUMBER(Eingaben!$B$24),IF(Eingaben!$B$23<Eingaben!$B$24,AND(B66>=Eingaben!$B$23,B66<Eingaben!$B$24),OR(B66>=Eingaben!$B$23,B66<Eingaben!$B$24))),"HEAT","STANDARD")) -> STANDARD | F66: =IF(E66="",D66,E66) -> STANDARD | G66: =INDEX(Netzzeiten!$B$6:$B$29,HOUR(B66)+1) -> ST | H66: =IF(F66="GO",Eingaben!$B$11,IF(F66="STANDARD",Eingaben!$B$12,IF(AND(F66="HEAT",ISNUMBER(Eingaben!$B$13)),Eingaben!$B$13,""))) -> 28.2744 | I66: =INDEX(Netzzeiten!$C$6:$C$29,HOUR(B66)+1) -> 5.48 | J66: =IF(C66="","FEHLT",IF(NOT(ISNUMBER(C66)),"MESSWERT UNGUELTIG",IF(C66<0,"MESSWERT UNGUELTIG",IF(H66="","TARIFPREIS FEHLT","OK")))) -> FEHLT | K66: =IF(J66<>"OK","",C66*I66/100)
A67: 46143 | B67: 0.63541667 | C67: =IF('96 Werte'!BK6="","",'96 Werte'!BK6) | D67: =IF(IF(Eingaben!$B$21<Eingaben!$B$22,AND(B67>=Eingaben!$B$21,B67<Eingaben!$B$22),OR(B67>=Eingaben!$B$21,B67<Eingaben!$B$22)),"GO",IF(AND(ISNUMBER(Eingaben!$B$23),ISNUMBER(Eingaben!$B$24),IF(Eingaben!$B$23<Eingaben!$B$24,AND(B67>=Eingaben!$B$23,B67<Eingaben!$B$24),OR(B67>=Eingaben!$B$23,B67<Eingaben!$B$24))),"HEAT","STANDARD")) -> STANDARD | F67: =IF(E67="",D67,E67) -> STANDARD | G67: =INDEX(Netzzeiten!$B$6:$B$29,HOUR(B67)+1) -> ST | H67: =IF(F67="GO",Eingaben!$B$11,IF(F67="STANDARD",Eingaben!$B$12,IF(AND(F67="HEAT",ISNUMBER(Eingaben!$B$13)),Eingaben!$B$13,""))) -> 28.2744 | I67: =INDEX(Netzzeiten!$C$6:$C$29,HOUR(B67)+1) -> 5.48 | J67: =IF(C67="","FEHLT",IF(NOT(ISNUMBER(C67)),"MESSWERT UNGUELTIG",IF(C67<0,"MESSWERT UNGUELTIG",IF(H67="","TARIFPREIS FEHLT","OK")))) -> FEHLT | K67: =IF(J67<>"OK","",C67*I67/100)
A68: 46143 | B68: 0.64583333 | C68: =IF('96 Werte'!BL6="","",'96 Werte'!BL6) | D68: =IF(IF(Eingaben!$B$21<Eingaben!$B$22,AND(B68>=Eingaben!$B$21,B68<Eingaben!$B$22),OR(B68>=Eingaben!$B$21,B68<Eingaben!$B$22)),"GO",IF(AND(ISNUMBER(Eingaben!$B$23),ISNUMBER(Eingaben!$B$24),IF(Eingaben!$B$23<Eingaben!$B$24,AND(B68>=Eingaben!$B$23,B68<Eingaben!$B$24),OR(B68>=Eingaben!$B$23,B68<Eingaben!$B$24))),"HEAT","STANDARD")) -> STANDARD | F68: =IF(E68="",D68,E68) -> STANDARD | G68: =INDEX(Netzzeiten!$B$6:$B$29,HOUR(B68)+1) -> ST | H68: =IF(F68="GO",Eingaben!$B$11,IF(F68="STANDARD",Eingaben!$B$12,IF(AND(F68="HEAT",ISNUMBER(Eingaben!$B$13)),Eingaben!$B$13,""))) -> 28.2744 | I68: =INDEX(Netzzeiten!$C$6:$C$29,HOUR(B68)+1) -> 5.48 | J68: =IF(C68="","FEHLT",IF(NOT(ISNUMBER(C68)),"MESSWERT UNGUELTIG",IF(C68<0,"MESSWERT UNGUELTIG",IF(H68="","TARIFPREIS FEHLT","OK")))) -> FEHLT | K68: =IF(J68<>"OK","",C68*I68/100)
A69: 46143 | B69: 0.65625 | C69: =IF('96 Werte'!BM6="","",'96 Werte'!BM6) | D69: =IF(IF(Eingaben!$B$21<Eingaben!$B$22,AND(B69>=Eingaben!$B$21,B69<Eingaben!$B$22),OR(B69>=Eingaben!$B$21,B69<Eingaben!$B$22)),"GO",IF(AND(ISNUMBER(Eingaben!$B$23),ISNUMBER(Eingaben!$B$24),IF(Eingaben!$B$23<Eingaben!$B$24,AND(B69>=Eingaben!$B$23,B69<Eingaben!$B$24),OR(B69>=Eingaben!$B$23,B69<Eingaben!$B$24))),"HEAT","STANDARD")) -> STANDARD | F69: =IF(E69="",D69,E69) -> STANDARD | G69: =INDEX(Netzzeiten!$B$6:$B$29,HOUR(B69)+1) -> ST | H69: =IF(F69="GO",Eingaben!$B$11,IF(F69="STANDARD",Eingaben!$B$12,IF(AND(F69="HEAT",ISNUMBER(Eingaben!$B$13)),Eingaben!$B$13,""))) -> 28.2744 | I69: =INDEX(Netzzeiten!$C$6:$C$29,HOUR(B69)+1) -> 5.48 | J69: =IF(C69="","FEHLT",IF(NOT(ISNUMBER(C69)),"MESSWERT UNGUELTIG",IF(C69<0,"MESSWERT UNGUELTIG",IF(H69="","TARIFPREIS FEHLT","OK")))) -> FEHLT | K69: =IF(J69<>"OK","",C69*I69/100)
A70: 46143 | B70: 0.66666667 | C70: =IF('96 Werte'!BN6="","",'96 Werte'!BN6) | D70: =IF(IF(Eingaben!$B$21<Eingaben!$B$22,AND(B70>=Eingaben!$B$21,B70<Eingaben!$B$22),OR(B70>=Eingaben!$B$21,B70<Eingaben!$B$22)),"GO",IF(AND(ISNUMBER(Eingaben!$B$23),ISNUMBER(Eingaben!$B$24),IF(Eingaben!$B$23<Eingaben!$B$24,AND(B70>=Eingaben!$B$23,B70<Eingaben!$B$24),OR(B70>=Eingaben!$B$23,B70<Eingaben!$B$24))),"HEAT","STANDARD")) -> STANDARD | F70: =IF(E70="",D70,E70) -> STANDARD | G70: =INDEX(Netzzeiten!$B$6:$B$29,HOUR(B70)+1) -> ST | H70: =IF(F70="GO",Eingaben!$B$11,IF(F70="STANDARD",Eingaben!$B$12,IF(AND(F70="HEAT",ISNUMBER(Eingaben!$B$13)),Eingaben!$B$13,""))) -> 28.2744 | I70: =INDEX(Netzzeiten!$C$6:$C$29,HOUR(B70)+1) -> 5.48 | J70: =IF(C70="","FEHLT",IF(NOT(ISNUMBER(C70)),"MESSWERT UNGUELTIG",IF(C70<0,"MESSWERT UNGUELTIG",IF(H70="","TARIFPREIS FEHLT","OK")))) -> FEHLT | K70: =IF(J70<>"OK","",C70*I70/100)
A71: 46143 | B71: 0.67708333 | C71: =IF('96 Werte'!BO6="","",'96 Werte'!BO6) | D71: =IF(IF(Eingaben!$B$21<Eingaben!$B$22,AND(B71>=Eingaben!$B$21,B71<Eingaben!$B$22),OR(B71>=Eingaben!$B$21,B71<Eingaben!$B$22)),"GO",IF(AND(ISNUMBER(Eingaben!$B$23),ISNUMBER(Eingaben!$B$24),IF(Eingaben!$B$23<Eingaben!$B$24,AND(B71>=Eingaben!$B$23,B71<Eingaben!$B$24),OR(B71>=Eingaben!$B$23,B71<Eingaben!$B$24))),"HEAT","STANDARD")) -> STANDARD | F71: =IF(E71="",D71,E71) -> STANDARD | G71: =INDEX(Netzzeiten!$B$6:$B$29,HOUR(B71)+1) -> ST | H71: =IF(F71="GO",Eingaben!$B$11,IF(F71="STANDARD",Eingaben!$B$12,IF(AND(F71="HEAT",ISNUMBER(Eingaben!$B$13)),Eingaben!$B$13,""))) -> 28.2744 | I71: =INDEX(Netzzeiten!$C$6:$C$29,HOUR(B71)+1) -> 5.48 | J71: =IF(C71="","FEHLT",IF(NOT(ISNUMBER(C71)),"MESSWERT UNGUELTIG",IF(C71<0,"MESSWERT UNGUELTIG",IF(H71="","TARIFPREIS FEHLT","OK")))) -> FEHLT | K71: =IF(J71<>"OK","",C71*I71/100)
A72: 46143 | B72: 0.6875 | C72: =IF('96 Werte'!BP6="","",'96 Werte'!BP6) | D72: =IF(IF(Eingaben!$B$21<Eingaben!$B$22,AND(B72>=Eingaben!$B$21,B72<Eingaben!$B$22),OR(B72>=Eingaben!$B$21,B72<Eingaben!$B$22)),"GO",IF(AND(ISNUMBER(Eingaben!$B$23),ISNUMBER(Eingaben!$B$24),IF(Eingaben!$B$23<Eingaben!$B$24,AND(B72>=Eingaben!$B$23,B72<Eingaben!$B$24),OR(B72>=Eingaben!$B$23,B72<Eingaben!$B$24))),"HEAT","STANDARD")) -> STANDARD | F72: =IF(E72="",D72,E72) -> STANDARD | G72: =INDEX(Netzzeiten!$B$6:$B$29,HOUR(B72)+1) -> ST | H72: =IF(F72="GO",Eingaben!$B$11,IF(F72="STANDARD",Eingaben!$B$12,IF(AND(F72="HEAT",ISNUMBER(Eingaben!$B$13)),Eingaben!$B$13,""))) -> 28.2744 | I72: =INDEX(Netzzeiten!$C$6:$C$29,HOUR(B72)+1) -> 5.48 | J72: =IF(C72="","FEHLT",IF(NOT(ISNUMBER(C72)),"MESSWERT UNGUELTIG",IF(C72<0,"MESSWERT UNGUELTIG",IF(H72="","TARIFPREIS FEHLT","OK")))) -> FEHLT | K72: =IF(J72<>"OK","",C72*I72/100)
A73: 46143 | B73: 0.69791667 | C73: =IF('96 Werte'!BQ6="","",'96 Werte'!BQ6) | D73: =IF(IF(Eingaben!$B$21<Eingaben!$B$22,AND(B73>=Eingaben!$B$21,B73<Eingaben!$B$22),OR(B73>=Eingaben!$B$21,B73<Eingaben!$B$22)),"GO",IF(AND(ISNUMBER(Eingaben!$B$23),ISNUMBER(Eingaben!$B$24),IF(Eingaben!$B$23<Eingaben!$B$24,AND(B73>=Eingaben!$B$23,B73<Eingaben!$B$24),OR(B73>=Eingaben!$B$23,B73<Eingaben!$B$24))),"HEAT","STANDARD")) -> STANDARD | F73: =IF(E73="",D73,E73) -> STANDARD | G73: =INDEX(Netzzeiten!$B$6:$B$29,HOUR(B73)+1) -> ST | H73: =IF(F73="GO",Eingaben!$B$11,IF(F73="STANDARD",Eingaben!$B$12,IF(AND(F73="HEAT",ISNUMBER(Eingaben!$B$13)),Eingaben!$B$13,""))) -> 28.2744 | I73: =INDEX(Netzzeiten!$C$6:$C$29,HOUR(B73)+1) -> 5.48 | J73: =IF(C73="","FEHLT",IF(NOT(ISNUMBER(C73)),"MESSWERT UNGUELTIG",IF(C73<0,"MESSWERT UNGUELTIG",IF(H73="","TARIFPREIS FEHLT","OK")))) -> FEHLT | K73: =IF(J73<>"OK","",C73*I73/100)
A74: 46143 | B74: 0.70833333 | C74: =IF('96 Werte'!BR6="","",'96 Werte'!BR6) | D74: =IF(IF(Eingaben!$B$21<Eingaben!$B$22,AND(B74>=Eingaben!$B$21,B74<Eingaben!$B$22),OR(B74>=Eingaben!$B$21,B74<Eingaben!$B$22)),"GO",IF(AND(ISNUMBER(Eingaben!$B$23),ISNUMBER(Eingaben!$B$24),IF(Eingaben!$B$23<Eingaben!$B$24,AND(B74>=Eingaben!$B$23,B74<Eingaben!$B$24),OR(B74>=Eingaben!$B$23,B74<Eingaben!$B$24))),"HEAT","STANDARD")) -> STANDARD | F74: =IF(E74="",D74,E74) -> STANDARD | G74: =INDEX(Netzzeiten!$B$6:$B$29,HOUR(B74)+1) -> HT | H74: =IF(F74="GO",Eingaben!$B$11,IF(F74="STANDARD",Eingaben!$B$12,IF(AND(F74="HEAT",ISNUMBER(Eingaben!$B$13)),Eingaben!$B$13,""))) -> 28.2744 | I74: =INDEX(Netzzeiten!$C$6:$C$29,HOUR(B74)+1) -> 10.52 | J74: =IF(C74="","FEHLT",IF(NOT(ISNUMBER(C74)),"MESSWERT UNGUELTIG",IF(C74<0,"MESSWERT UNGUELTIG",IF(H74="","TARIFPREIS FEHLT","OK")))) -> FEHLT | K74: =IF(J74<>"OK","",C74*I74/100)
A75: 46143 | B75: 0.71875 | C75: =IF('96 Werte'!BS6="","",'96 Werte'!BS6) | D75: =IF(IF(Eingaben!$B$21<Eingaben!$B$22,AND(B75>=Eingaben!$B$21,B75<Eingaben!$B$22),OR(B75>=Eingaben!$B$21,B75<Eingaben!$B$22)),"GO",IF(AND(ISNUMBER(Eingaben!$B$23),ISNUMBER(Eingaben!$B$24),IF(Eingaben!$B$23<Eingaben!$B$24,AND(B75>=Eingaben!$B$23,B75<Eingaben!$B$24),OR(B75>=Eingaben!$B$23,B75<Eingaben!$B$24))),"HEAT","STANDARD")) -> STANDARD | F75: =IF(E75="",D75,E75) -> STANDARD | G75: =INDEX(Netzzeiten!$B$6:$B$29,HOUR(B75)+1) -> HT | H75: =IF(F75="GO",Eingaben!$B$11,IF(F75="STANDARD",Eingaben!$B$12,IF(AND(F75="HEAT",ISNUMBER(Eingaben!$B$13)),Eingaben!$B$13,""))) -> 28.2744 | I75: =INDEX(Netzzeiten!$C$6:$C$29,HOUR(B75)+1) -> 10.52 | J75: =IF(C75="","FEHLT",IF(NOT(ISNUMBER(C75)),"MESSWERT UNGUELTIG",IF(C75<0,"MESSWERT UNGUELTIG",IF(H75="","TARIFPREIS FEHLT","OK")))) -> FEHLT | K75: =IF(J75<>"OK","",C75*I75/100)
A76: 46143 | B76: 0.72916667 | C76: =IF('96 Werte'!BT6="","",'96 Werte'!BT6) | D76: =IF(IF(Eingaben!$B$21<Eingaben!$B$22,AND(B76>=Eingaben!$B$21,B76<Eingaben!$B$22),OR(B76>=Eingaben!$B$21,B76<Eingaben!$B$22)),"GO",IF(AND(ISNUMBER(Eingaben!$B$23),ISNUMBER(Eingaben!$B$24),IF(Eingaben!$B$23<Eingaben!$B$24,AND(B76>=Eingaben!$B$23,B76<Eingaben!$B$24),OR(B76>=Eingaben!$B$23,B76<Eingaben!$B$24))),"HEAT","STANDARD")) -> STANDARD | F76: =IF(E76="",D76,E76) -> STANDARD | G76: =INDEX(Netzzeiten!$B$6:$B$29,HOUR(B76)+1) -> HT | H76: =IF(F76="GO",Eingaben!$B$11,IF(F76="STANDARD",Eingaben!$B$12,IF(AND(F76="HEAT",ISNUMBER(Eingaben!$B$13)),Eingaben!$B$13,""))) -> 28.2744 | I76: =INDEX(Netzzeiten!$C$6:$C$29,HOUR(B76)+1) -> 10.52 | J76: =IF(C76="","FEHLT",IF(NOT(ISNUMBER(C76)),"MESSWERT UNGUELTIG",IF(C76<0,"MESSWERT UNGUELTIG",IF(H76="","TARIFPREIS FEHLT","OK")))) -> FEHLT | K76: =IF(J76<>"OK","",C76*I76/100)
A77: 46143 | B77: 0.73958333 | C77: =IF('96 Werte'!BU6="","",'96 Werte'!BU6) | D77: =IF(IF(Eingaben!$B$21<Eingaben!$B$22,AND(B77>=Eingaben!$B$21,B77<Eingaben!$B$22),OR(B77>=Eingaben!$B$21,B77<Eingaben!$B$22)),"GO",IF(AND(ISNUMBER(Eingaben!$B$23),ISNUMBER(Eingaben!$B$24),IF(Eingaben!$B$23<Eingaben!$B$24,AND(B77>=Eingaben!$B$23,B77<Eingaben!$B$24),OR(B77>=Eingaben!$B$23,B77<Eingaben!$B$24))),"HEAT","STANDARD")) -> STANDARD | F77: =IF(E77="",D77,E77) -> STANDARD | G77: =INDEX(Netzzeiten!$B$6:$B$29,HOUR(B77)+1) -> HT | H77: =IF(F77="GO",Eingaben!$B$11,IF(F77="STANDARD",Eingaben!$B$12,IF(AND(F77="HEAT",ISNUMBER(Eingaben!$B$13)),Eingaben!$B$13,""))) -> 28.2744 | I77: =INDEX(Netzzeiten!$C$6:$C$29,HOUR(B77)+1) -> 10.52 | J77: =IF(C77="","FEHLT",IF(NOT(ISNUMBER(C77)),"MESSWERT UNGUELTIG",IF(C77<0,"MESSWERT UNGUELTIG",IF(H77="","TARIFPREIS FEHLT","OK")))) -> FEHLT | K77: =IF(J77<>"OK","",C77*I77/100)
A78: 46143 | B78: 0.75 | C78: =IF('96 Werte'!BV6="","",'96 Werte'!BV6) | D78: =IF(IF(Eingaben!$B$21<Eingaben!$B$22,AND(B78>=Eingaben!$B$21,B78<Eingaben!$B$22),OR(B78>=Eingaben!$B$21,B78<Eingaben!$B$22)),"GO",IF(AND(ISNUMBER(Eingaben!$B$23),ISNUMBER(Eingaben!$B$24),IF(Eingaben!$B$23<Eingaben!$B$24,AND(B78>=Eingaben!$B$23,B78<Eingaben!$B$24),OR(B78>=Eingaben!$B$23,B78<Eingaben!$B$24))),"HEAT","STANDARD")) -> STANDARD | F78: =IF(E78="",D78,E78) -> STANDARD | G78: =INDEX(Netzzeiten!$B$6:$B$29,HOUR(B78)+1) -> HT | H78: =IF(F78="GO",Eingaben!$B$11,IF(F78="STANDARD",Eingaben!$B$12,IF(AND(F78="HEAT",ISNUMBER(Eingaben!$B$13)),Eingaben!$B$13,""))) -> 28.2744 | I78: =INDEX(Netzzeiten!$C$6:$C$29,HOUR(B78)+1) -> 10.52 | J78: =IF(C78="","FEHLT",IF(NOT(ISNUMBER(C78)),"MESSWERT UNGUELTIG",IF(C78<0,"MESSWERT UNGUELTIG",IF(H78="","TARIFPREIS FEHLT","OK")))) -> FEHLT | K78: =IF(J78<>"OK","",C78*I78/100)
